
CREATE USER IF NOT EXISTS 'admin_user'@'%' IDENTIFIED BY 'admin_pass';
GRANT ALL PRIVILEGES ON WorldHotels.* TO 'admin_user'@'%';
FLUSH PRIVILEGES;

-- MySQL dump 10.13  Distrib 9.3.0, for macos14.7 (x86_64)
--
-- Host: 127.0.0.1    Database: WorldHotels
-- ------------------------------------------------------
-- Server version	8.2.0

/*!40101 SET @OLD_CHARACTER_SET_CLIENT=@@CHARACTER_SET_CLIENT */;
/*!40101 SET @OLD_CHARACTER_SET_RESULTS=@@CHARACTER_SET_RESULTS */;
/*!40101 SET @OLD_COLLATION_CONNECTION=@@COLLATION_CONNECTION */;
/*!50503 SET NAMES utf8mb4 */;
/*!40103 SET @OLD_TIME_ZONE=@@TIME_ZONE */;
/*!40103 SET TIME_ZONE='+00:00' */;
/*!40014 SET @OLD_UNIQUE_CHECKS=@@UNIQUE_CHECKS, UNIQUE_CHECKS=0 */;
/*!40014 SET @OLD_FOREIGN_KEY_CHECKS=@@FOREIGN_KEY_CHECKS, FOREIGN_KEY_CHECKS=0 */;
/*!40101 SET @OLD_SQL_MODE=@@SQL_MODE, SQL_MODE='NO_AUTO_VALUE_ON_ZERO' */;
/*!40111 SET @OLD_SQL_NOTES=@@SQL_NOTES, SQL_NOTES=0 */;

--
-- Table structure for table `Booking`
--

DROP TABLE IF EXISTS `Booking`;
/*!40101 SET @saved_cs_client     = @@character_set_client */;
/*!50503 SET character_set_client = utf8mb4 */;
CREATE TABLE `Booking` (
  `BookingID` int NOT NULL AUTO_INCREMENT,
  `UserID` int NOT NULL,
  `HotelID` int DEFAULT NULL,
  `RoomTypeID` int DEFAULT NULL,
  `RoomID` int DEFAULT NULL,
  `CheckIn` date NOT NULL,
  `CheckOut` date NOT NULL,
  `BookingDate` date NOT NULL,
  `NoOfGuests` int NOT NULL,
  `Status` varchar(255) DEFAULT 'pending',
  `TotalPrice` decimal(10,2) DEFAULT NULL,
  `BookingCurrency` varchar(45) DEFAULT NULL,
  PRIMARY KEY (`BookingID`),
  KEY `UserID_idx` (`UserID`),
  KEY `RoomIDfk_idx` (`RoomID`),
  KEY `HotelIDfk_idx` (`HotelID`),
  KEY `RoomTypeID1fk_idx` (`RoomTypeID`),
  CONSTRAINT `HotelIDfk` FOREIGN KEY (`HotelID`) REFERENCES `Hotel` (`HotelID`),
  CONSTRAINT `RoomIDfk` FOREIGN KEY (`RoomID`) REFERENCES `Room` (`RoomID`),
  CONSTRAINT `RoomTypeID1fk` FOREIGN KEY (`RoomTypeID`) REFERENCES `RoomType` (`RoomTypeID`),
  CONSTRAINT `UserIDfk` FOREIGN KEY (`UserID`) REFERENCES `User` (`UserID`)
) ENGINE=InnoDB AUTO_INCREMENT=53 DEFAULT CHARSET=utf8mb4 COLLATE=utf8mb4_0900_ai_ci;
/*!40101 SET character_set_client = @saved_cs_client */;

--
-- Dumping data for table `Booking`
--

LOCK TABLES `Booking` WRITE;
/*!40000 ALTER TABLE `Booking` DISABLE KEYS */;
INSERT INTO `Booking` VALUES (6,4,1,1,3532,'2024-07-12','2024-07-24','2024-05-02',1,'Confirmed',NULL,NULL),(8,4,1,1,3533,'2024-05-10','2024-05-23','2024-05-02',1,'Cancelled',NULL,NULL),(9,4,1,1,3534,'2024-05-09','2024-05-24','2024-05-02',1,'Cancelled',NULL,NULL),(10,4,1,1,3535,'2024-05-09','2024-05-17','2024-05-02',1,'Pending',NULL,NULL),(11,4,1,1,3536,'2024-05-08','2024-05-17','2024-05-02',1,'Cancelled',NULL,NULL),(14,4,1,1,3537,'2024-05-09','2024-05-17','2024-05-02',1,'Confirmed',NULL,NULL),(15,4,1,1,3538,'2024-05-06','2024-05-12','2024-05-02',1,'Cancelled',490.00,NULL),(17,4,1,1,3539,'2024-05-05','2024-05-16','2024-05-02',1,'Confirmed',980.00,NULL),(18,4,1,1,3540,'2024-05-09','2024-05-17','2024-05-02',1,'Cancelled',700.00,NULL),(19,4,1,1,3541,'2024-05-04','2024-05-23','2024-05-02',1,'pending',1750.00,NULL),(20,5,3,2,3734,'2024-05-09','2024-05-17','2024-05-02',1,'pending',840.00,'EUR'),(21,6,9,2,4465,'2024-05-06','2024-05-08','2024-05-03',2,'pending',252.00,'GBP'),(22,6,1,1,3542,'2024-05-08','2024-05-18','2024-05-03',1,'Pending',840.00,'GBP'),(24,4,1,1,3543,'2025-02-20','2025-02-28','2025-02-17',1,'pending',700.00,'USD'),(25,4,7,3,4232,'2025-07-24','2025-08-07','2025-07-21',3,'pending',1890.00,'GBP'),(26,4,1,1,3544,'2025-08-13','2025-09-03','2025-07-24',1,'Cancelled',2940.00,'GBP'),(27,4,6,3,4096,'2025-08-07','2025-08-10','2025-07-24',3,'pending',1080.00,'GBP'),(28,4,1,1,3545,'2025-08-07','2025-08-10','2025-07-24',1,'pending',420.00,'GBP'),(29,4,1,1,3546,'2025-07-30','2025-08-03','2025-07-24',1,'pending',560.00,'GBP'),(30,4,1,1,3547,'2025-08-07','2025-08-10','2025-07-24',1,'pending',420.00,'GBP'),(31,4,1,2,3558,'2025-08-21','2025-08-28','2025-07-24',2,'pending',1528.80,'GBP'),(32,4,1,2,3559,'2025-08-21','2025-08-28','2025-07-24',2,'pending',1528.80,'GBP'),(33,4,1,2,3560,'2025-08-21','2025-08-28','2025-07-24',2,'Cancelled',1528.80,'GBP'),(34,4,1,1,3548,'2025-08-08','2025-08-15','2025-07-24',1,'pending',980.00,'GBP'),(35,4,1,1,3549,'2025-07-30','2025-08-02','2025-07-24',1,'pending',420.00,'GBP'),(36,4,4,1,3810,'2025-07-31','2025-08-02','2025-07-24',1,'pending',280.00,'GBP'),(37,4,9,1,4420,'2025-08-09','2025-08-13','2025-07-24',1,'Confirmed',720.00,'GBP'),(38,4,9,1,4421,'2025-08-09','2025-08-13','2025-07-24',1,'Cancelled',720.00,'GBP'),(39,4,15,1,5030,'2025-08-22','2025-08-24','2025-07-24',1,'Cancelled',260.00,'GBP'),(44,4,7,1,4120,'2025-08-16','2025-08-20','2025-07-24',1,'Confirmed',600.00,'GBP'),(45,4,30,1,7490,'2025-08-19','2025-08-21','2025-07-28',1,'Cancelled',340.00,'GBP'),(46,4,1,1,3550,'2025-09-19','2025-09-27','2025-07-28',1,'Confirmed',504.00,'GBP'),(47,4,28,1,7160,'2025-09-12','2025-09-18','2025-07-28',1,'Confirmed',486.00,'GBP'),(48,4,28,2,7199,'2025-09-19','2025-09-25','2025-07-28',2,'Confirmed',831.60,'GBP'),(49,4,28,3,7264,'2025-10-11','2025-10-24','2025-07-28',1,'Confirmed',2028.00,'GBP'),(50,4,1,1,3551,'2025-07-31','2025-08-02','2025-07-28',1,'Cancelled',280.00,'GBP'),(51,4,1,1,3544,'2025-10-10','2025-10-18','2025-07-28',1,'Cancelled',448.00,'GBP'),(52,4,1,1,3544,'2025-09-02','2025-09-11','2025-07-28',1,'Cancelled',630.00,'GBP');
/*!40000 ALTER TABLE `Booking` ENABLE KEYS */;
UNLOCK TABLES;

--
-- Table structure for table `Cancellations`
--

DROP TABLE IF EXISTS `Cancellations`;
/*!40101 SET @saved_cs_client     = @@character_set_client */;
/*!50503 SET character_set_client = utf8mb4 */;
CREATE TABLE `Cancellations` (
  `CancellationID` int NOT NULL AUTO_INCREMENT,
  `CancellationDate` varchar(45) NOT NULL,
  `CancellationFee` varchar(45) NOT NULL,
  `BookingID` int NOT NULL,
  PRIMARY KEY (`CancellationID`),
  KEY `BookingID_idx` (`BookingID`),
  CONSTRAINT `fkBookingID_1` FOREIGN KEY (`BookingID`) REFERENCES `Booking` (`BookingID`)
) ENGINE=InnoDB AUTO_INCREMENT=15 DEFAULT CHARSET=utf8mb4 COLLATE=utf8mb4_0900_ai_ci;
/*!40101 SET character_set_client = @saved_cs_client */;

--
-- Dumping data for table `Cancellations`
--

LOCK TABLES `Cancellations` WRITE;
/*!40000 ALTER TABLE `Cancellations` DISABLE KEYS */;
INSERT INTO `Cancellations` VALUES (1,'2024-5-3','0.00',6),(2,'2024-5-3','1.00',8),(4,'2024-5-3','490.00',15),(5,'2024-5-3','700.00',18),(6,'2025-7-29','280.00',50),(7,'2025-7-29','280.00',50),(8,'2025-7-29','1528.80',33),(9,'2025-7-29','2940.00',26),(10,'2025-7-29','260.0',39),(11,'2025-7-29','340.0',45),(12,'2025-7-29','720.0',38),(13,'2025-7-29','0.0',51),(14,'2025-7-29','315.0',52);
/*!40000 ALTER TABLE `Cancellations` ENABLE KEYS */;
UNLOCK TABLES;

--
-- Table structure for table `Hotel`
--

DROP TABLE IF EXISTS `Hotel`;
/*!40101 SET @saved_cs_client     = @@character_set_client */;
/*!50503 SET character_set_client = utf8mb4 */;
CREATE TABLE `Hotel` (
  `HotelID` int NOT NULL AUTO_INCREMENT,
  `HotelName` varchar(255) NOT NULL,
  `Capacity` int NOT NULL,
  PRIMARY KEY (`HotelID`)
) ENGINE=InnoDB AUTO_INCREMENT=38 DEFAULT CHARSET=utf8mb4 COLLATE=utf8mb4_0900_ai_ci;
/*!40101 SET character_set_client = @saved_cs_client */;

--
-- Dumping data for table `Hotel`
--

LOCK TABLES `Hotel` WRITE;
/*!40000 ALTER TABLE `Hotel` DISABLE KEYS */;
INSERT INTO `Hotel` VALUES (1,'Aberdeen',90),(2,'Belfast',80),(3,'Birmingham',110),(4,'Bristol',100),(5,'Cardiff',90),(6,'Edinburgh',120),(7,'Glasgow',140),(8,'London',160),(9,'Manchester',150),(10,'New Castle',90),(11,'Norwich',90),(12,'Nottingham',110),(13,'Oxford',90),(14,'Plymouth',80),(15,'Swansea',70),(16,'Bournemouth',90),(17,'Kent',100),(18,'New York',200),(19,'Tokyo',220),(20,'Paris',180),(21,'Dubai',250),(22,'Sydney',170),(23,'Toronto',160),(24,'Singapore',190),(25,'Hong Kong',210),(26,'Cape Town',150),(27,'Barcelona',140),(28,'Rome',130),(29,'Bangkok',200),(30,'Istanbul',180),(31,'Seoul',220),(32,'Los Angeles',210),(33,'Beijing',230),(34,'Berlin',170),(35,'Mexico City',190),(36,'Amsterdam',160),(37,'Rio de Janeiro',180);
/*!40000 ALTER TABLE `Hotel` ENABLE KEYS */;
UNLOCK TABLES;

--
-- Table structure for table `Rate`
--

DROP TABLE IF EXISTS `Rate`;
/*!40101 SET @saved_cs_client     = @@character_set_client */;
/*!50503 SET character_set_client = utf8mb4 */;
CREATE TABLE `Rate` (
  `RateID` int NOT NULL AUTO_INCREMENT,
  `HotelID` int NOT NULL,
  `RoomTypeID` int NOT NULL,
  `PeakRate` decimal(10,2) NOT NULL,
  `OffPeakRate` decimal(10,2) NOT NULL,
  PRIMARY KEY (`RateID`),
  KEY `rate_ibfk_1` (`HotelID`),
  KEY `rate_ibfk_2` (`RoomTypeID`),
  CONSTRAINT `rate_ibfk_1` FOREIGN KEY (`HotelID`) REFERENCES `Hotel` (`HotelID`),
  CONSTRAINT `rate_ibfk_2` FOREIGN KEY (`RoomTypeID`) REFERENCES `RoomType` (`RoomTypeID`)
) ENGINE=InnoDB AUTO_INCREMENT=166 DEFAULT CHARSET=utf8mb4 COLLATE=utf8mb4_0900_ai_ci;
/*!40101 SET character_set_client = @saved_cs_client */;

--
-- Dumping data for table `Rate`
--

LOCK TABLES `Rate` WRITE;
/*!40000 ALTER TABLE `Rate` DISABLE KEYS */;
INSERT INTO `Rate` VALUES (1,1,1,140.00,70.00),(2,1,2,168.00,84.00),(3,1,3,210.00,105.00),(4,2,1,130.00,70.00),(5,2,2,156.00,84.00),(6,2,3,195.00,105.00),(7,3,1,150.00,75.00),(8,3,2,180.00,90.00),(9,3,3,225.00,112.50),(10,4,1,140.00,70.00),(11,4,2,168.00,84.00),(12,4,3,210.00,105.00),(13,5,1,130.00,70.00),(14,5,2,156.00,84.00),(15,5,3,195.00,105.00),(16,6,1,160.00,80.00),(17,6,2,192.00,96.00),(18,6,3,240.00,120.00),(19,7,1,150.00,75.00),(20,7,2,180.00,90.00),(21,7,3,225.00,112.50),(22,8,1,200.00,100.00),(23,8,2,240.00,120.00),(24,8,3,300.00,150.00),(25,9,1,180.00,90.00),(26,9,2,216.00,108.00),(27,9,3,270.00,135.00),(28,10,1,120.00,70.00),(29,10,2,144.00,84.00),(30,10,3,180.00,105.00),(31,11,1,130.00,70.00),(32,11,2,156.00,84.00),(33,11,3,195.00,105.00),(34,12,1,130.00,70.00),(35,12,2,156.00,84.00),(36,12,3,195.00,105.00),(37,13,1,180.00,90.00),(38,13,2,216.00,108.00),(39,13,3,270.00,135.00),(40,14,1,180.00,90.00),(41,14,2,216.00,108.00),(42,14,3,270.00,135.00),(43,15,1,130.00,70.00),(44,15,2,156.00,84.00),(45,15,3,195.00,105.00),(46,16,1,130.00,70.00),(47,16,2,156.00,84.00),(48,16,3,195.00,105.00),(49,17,1,140.00,80.00),(50,17,2,168.00,96.00),(51,17,3,210.00,120.00),(106,18,1,220.00,120.00),(107,18,2,260.00,140.00),(108,18,3,300.00,160.00),(109,19,1,210.00,110.00),(110,19,2,250.00,130.00),(111,19,3,290.00,150.00),(112,20,1,200.00,100.00),(113,20,2,240.00,120.00),(114,20,3,280.00,140.00),(115,21,1,250.00,150.00),(116,21,2,300.00,180.00),(117,21,3,350.00,200.00),(118,22,1,190.00,95.00),(119,22,2,230.00,115.00),(120,22,3,270.00,135.00),(121,23,1,180.00,90.00),(122,23,2,220.00,110.00),(123,23,3,260.00,130.00),(124,24,1,200.00,100.00),(125,24,2,240.00,120.00),(126,24,3,280.00,140.00),(127,25,1,210.00,110.00),(128,25,2,250.00,130.00),(129,25,3,290.00,150.00),(130,26,1,170.00,85.00),(131,26,2,210.00,105.00),(132,26,3,250.00,125.00),(133,27,1,185.00,95.00),(134,27,2,225.00,115.00),(135,27,3,265.00,135.00),(136,28,1,180.00,90.00),(137,28,2,220.00,110.00),(138,28,3,260.00,130.00),(139,29,1,160.00,80.00),(140,29,2,200.00,100.00),(141,29,3,240.00,120.00),(142,30,1,170.00,85.00),(143,30,2,210.00,105.00),(144,30,3,250.00,125.00),(145,31,1,200.00,100.00),(146,31,2,240.00,120.00),(147,31,3,280.00,140.00),(148,32,1,220.00,120.00),(149,32,2,260.00,130.00),(150,32,3,300.00,150.00),(151,33,1,190.00,95.00),(152,33,2,230.00,115.00),(153,33,3,270.00,135.00),(154,34,1,180.00,90.00),(155,34,2,220.00,110.00),(156,34,3,260.00,130.00),(157,35,1,170.00,85.00),(158,35,2,210.00,105.00),(159,35,3,250.00,125.00),(160,36,1,190.00,95.00),(161,36,2,230.00,115.00),(162,36,3,270.00,135.00),(163,37,1,160.00,80.00),(164,37,2,200.00,100.00),(165,37,3,240.00,120.00);
/*!40000 ALTER TABLE `Rate` ENABLE KEYS */;
UNLOCK TABLES;

--
-- Table structure for table `Receipt`
--

DROP TABLE IF EXISTS `Receipt`;
/*!40101 SET @saved_cs_client     = @@character_set_client */;
/*!50503 SET character_set_client = utf8mb4 */;
CREATE TABLE `Receipt` (
  `ReceiptID` int NOT NULL AUTO_INCREMENT,
  `BookingID` int NOT NULL,
  `TotalPrice` decimal(10,2) NOT NULL,
  `PaymentDate` date NOT NULL,
  PRIMARY KEY (`ReceiptID`),
  KEY `fkBookingID` (`BookingID`),
  CONSTRAINT `fkBookingID` FOREIGN KEY (`BookingID`) REFERENCES `booking` (`BookingID`)
) ENGINE=InnoDB AUTO_INCREMENT=21 DEFAULT CHARSET=utf8mb4 COLLATE=utf8mb4_0900_ai_ci;
/*!40101 SET character_set_client = @saved_cs_client */;

--
-- Dumping data for table `Receipt`
--

LOCK TABLES `Receipt` WRITE;
/*!40000 ALTER TABLE `Receipt` DISABLE KEYS */;
INSERT INTO `Receipt` VALUES (4,17,980.00,'2024-05-03'),(5,37,720.00,'2025-07-25'),(6,38,720.00,'2025-07-25'),(7,39,260.00,'2025-07-25'),(12,44,600.00,'2025-07-25'),(13,45,340.00,'2025-07-29'),(14,46,504.00,'2025-07-29'),(15,47,486.00,'2025-07-29'),(16,48,831.60,'2025-07-29'),(17,49,2028.00,'2025-07-29'),(18,50,280.00,'2025-07-29'),(19,51,448.00,'2025-07-29'),(20,52,630.00,'2025-07-29');
/*!40000 ALTER TABLE `Receipt` ENABLE KEYS */;
UNLOCK TABLES;

--
-- Table structure for table `Room`
--

DROP TABLE IF EXISTS `Room`;
/*!40101 SET @saved_cs_client     = @@character_set_client */;
/*!50503 SET character_set_client = utf8mb4 */;
CREATE TABLE `Room` (
  `RoomID` int NOT NULL AUTO_INCREMENT,
  `HotelID` int NOT NULL,
  `RoomTypeID` int NOT NULL,
  `Wifi` tinyint(1) DEFAULT NULL,
  `MiniBar` tinyint(1) DEFAULT NULL,
  `TV` tinyint(1) DEFAULT NULL,
  `Breakfast` tinyint(1) DEFAULT NULL,
  `RoomNumber` int NOT NULL,
  `IsAvailable` tinyint NOT NULL,
  PRIMARY KEY (`RoomID`),
  KEY `fkHotelID_idx` (`HotelID`),
  KEY `fkRoomTypeID_1_idx` (`RoomTypeID`),
  CONSTRAINT `fkHotelID` FOREIGN KEY (`HotelID`) REFERENCES `Hotel` (`HotelID`),
  CONSTRAINT `fkRoomTypeID_1` FOREIGN KEY (`RoomTypeID`) REFERENCES `RoomType` (`RoomTypeID`)
) ENGINE=InnoDB AUTO_INCREMENT=9030 DEFAULT CHARSET=utf8mb4 COLLATE=utf8mb4_0900_ai_ci;
/*!40101 SET character_set_client = @saved_cs_client */;

--
-- Dumping data for table `Room`
--

LOCK TABLES `Room` WRITE;
/*!40000 ALTER TABLE `Room` DISABLE KEYS */;
INSERT INTO `Room` VALUES (3530,1,1,1,0,1,1,100,0),(3531,1,1,1,0,1,1,101,0),(3532,1,1,1,0,1,1,102,0),(3533,1,1,1,0,1,1,103,0),(3534,1,1,1,0,1,1,104,0),(3535,1,1,1,0,1,1,105,0),(3536,1,1,1,0,1,1,106,0),(3537,1,1,1,0,1,1,107,0),(3538,1,1,1,0,1,1,108,0),(3539,1,1,1,0,1,1,109,0),(3540,1,1,1,0,1,1,110,0),(3541,1,1,1,0,1,1,111,0),(3542,1,1,1,0,1,1,112,0),(3543,1,1,1,0,1,1,113,0),(3544,1,1,1,0,1,1,114,1),(3545,1,1,1,0,1,1,115,0),(3546,1,1,1,0,1,1,116,0),(3547,1,1,1,0,1,1,117,0),(3548,1,1,1,0,1,1,118,0),(3549,1,1,1,0,1,1,119,0),(3550,1,1,1,0,1,1,120,0),(3551,1,1,1,0,1,1,121,1),(3552,1,1,1,0,1,1,122,1),(3553,1,1,1,0,1,1,123,1),(3554,1,1,1,0,1,1,124,1),(3555,1,1,1,0,1,1,125,1),(3556,1,1,1,0,1,1,126,1),(3557,1,2,1,1,1,1,127,0),(3558,1,2,1,1,1,1,128,0),(3559,1,2,1,1,1,1,129,0),(3560,1,2,1,1,1,1,130,1),(3561,1,2,1,1,1,1,131,1),(3562,1,2,1,1,1,1,132,1),(3563,1,2,1,1,1,1,133,1),(3564,1,2,1,1,1,1,134,1),(3565,1,2,1,1,1,1,135,1),(3566,1,2,1,1,1,1,136,1),(3567,1,2,1,1,1,1,137,1),(3568,1,2,1,1,1,1,138,1),(3569,1,2,1,1,1,1,139,1),(3570,1,2,1,1,1,1,140,1),(3571,1,2,1,1,1,1,141,1),(3572,1,2,1,1,1,1,142,1),(3573,1,2,1,1,1,1,143,1),(3574,1,2,1,1,1,1,144,1),(3575,1,2,1,1,1,1,145,1),(3576,1,2,1,1,1,1,146,1),(3577,1,2,1,1,1,1,147,1),(3578,1,2,1,1,1,1,148,1),(3579,1,2,1,1,1,1,149,1),(3580,1,2,1,1,1,1,150,1),(3581,1,2,1,1,1,1,151,1),(3582,1,2,1,1,1,1,152,1),(3583,1,2,1,1,1,1,153,1),(3584,1,2,1,1,1,1,154,1),(3585,1,2,1,1,1,1,155,1),(3586,1,2,1,1,1,1,156,1),(3587,1,2,1,1,1,1,157,1),(3588,1,2,1,1,1,1,158,1),(3589,1,2,1,1,1,1,159,1),(3590,1,2,1,1,1,1,160,1),(3591,1,2,1,1,1,1,161,1),(3592,1,2,1,1,1,1,162,1),(3593,1,2,1,1,1,1,163,1),(3594,1,2,1,1,1,1,164,1),(3595,1,2,1,1,1,1,165,1),(3596,1,2,1,1,1,1,166,1),(3597,1,2,1,1,1,1,167,1),(3598,1,2,1,1,1,1,168,1),(3599,1,2,1,1,1,1,169,1),(3600,1,2,1,1,1,1,170,1),(3601,1,2,1,1,1,1,171,1),(3602,1,3,1,1,1,1,172,1),(3603,1,3,1,1,1,1,173,1),(3604,1,3,1,1,1,1,174,1),(3605,1,3,1,1,1,1,175,1),(3606,1,3,1,1,1,1,176,1),(3607,1,3,1,1,1,1,177,1),(3608,1,3,1,1,1,1,178,1),(3609,1,3,1,1,1,1,179,1),(3610,1,3,1,1,1,1,180,1),(3611,1,3,1,1,1,1,181,1),(3612,1,3,1,1,1,1,182,1),(3613,1,3,1,1,1,1,183,1),(3614,1,3,1,1,1,1,184,1),(3615,1,3,1,1,1,1,185,1),(3616,1,3,1,1,1,1,186,1),(3617,1,3,1,1,1,1,187,1),(3618,1,3,1,1,1,1,188,1),(3619,1,3,1,1,1,1,189,1),(3620,2,1,1,0,1,1,100,0),(3621,2,1,1,0,1,1,101,1),(3622,2,1,1,0,1,1,102,1),(3623,2,1,1,0,1,1,103,1),(3624,2,1,1,0,1,1,104,1),(3625,2,1,1,0,1,1,105,1),(3626,2,1,1,0,1,1,106,1),(3627,2,1,1,0,1,1,107,1),(3628,2,1,1,0,1,1,108,1),(3629,2,1,1,0,1,1,109,1),(3630,2,1,1,0,1,1,110,1),(3631,2,1,1,0,1,1,111,1),(3632,2,1,1,0,1,1,112,1),(3633,2,1,1,0,1,1,113,1),(3634,2,1,1,0,1,1,114,1),(3635,2,1,1,0,1,1,115,1),(3636,2,1,1,0,1,1,116,1),(3637,2,1,1,0,1,1,117,1),(3638,2,1,1,0,1,1,118,1),(3639,2,1,1,0,1,1,119,1),(3640,2,1,1,0,1,1,120,1),(3641,2,1,1,0,1,1,121,1),(3642,2,1,1,0,1,1,122,1),(3643,2,1,1,0,1,1,123,1),(3644,2,2,1,1,1,1,124,1),(3645,2,2,1,1,1,1,125,1),(3646,2,2,1,1,1,1,126,1),(3647,2,2,1,1,1,1,127,1),(3648,2,2,1,1,1,1,128,1),(3649,2,2,1,1,1,1,129,1),(3650,2,2,1,1,1,1,130,1),(3651,2,2,1,1,1,1,131,1),(3652,2,2,1,1,1,1,132,1),(3653,2,2,1,1,1,1,133,1),(3654,2,2,1,1,1,1,134,1),(3655,2,2,1,1,1,1,135,1),(3656,2,2,1,1,1,1,136,1),(3657,2,2,1,1,1,1,137,1),(3658,2,2,1,1,1,1,138,1),(3659,2,2,1,1,1,1,139,1),(3660,2,2,1,1,1,1,140,1),(3661,2,2,1,1,1,1,141,1),(3662,2,2,1,1,1,1,142,1),(3663,2,2,1,1,1,1,143,1),(3664,2,2,1,1,1,1,144,1),(3665,2,2,1,1,1,1,145,1),(3666,2,2,1,1,1,1,146,1),(3667,2,2,1,1,1,1,147,1),(3668,2,2,1,1,1,1,148,1),(3669,2,2,1,1,1,1,149,1),(3670,2,2,1,1,1,1,150,1),(3671,2,2,1,1,1,1,151,1),(3672,2,2,1,1,1,1,152,1),(3673,2,2,1,1,1,1,153,1),(3674,2,2,1,1,1,1,154,1),(3675,2,2,1,1,1,1,155,1),(3676,2,2,1,1,1,1,156,1),(3677,2,2,1,1,1,1,157,1),(3678,2,2,1,1,1,1,158,1),(3679,2,2,1,1,1,1,159,1),(3680,2,2,1,1,1,1,160,1),(3681,2,2,1,1,1,1,161,1),(3682,2,2,1,1,1,1,162,1),(3683,2,2,1,1,1,1,163,1),(3684,2,3,1,1,1,1,164,1),(3685,2,3,1,1,1,1,165,1),(3686,2,3,1,1,1,1,166,1),(3687,2,3,1,1,1,1,167,1),(3688,2,3,1,1,1,1,168,1),(3689,2,3,1,1,1,1,169,1),(3690,2,3,1,1,1,1,170,1),(3691,2,3,1,1,1,1,171,1),(3692,2,3,1,1,1,1,172,1),(3693,2,3,1,1,1,1,173,1),(3694,2,3,1,1,1,1,174,1),(3695,2,3,1,1,1,1,175,1),(3696,2,3,1,1,1,1,176,1),(3697,2,3,1,1,1,1,177,1),(3698,2,3,1,1,1,1,178,1),(3699,2,3,1,1,1,1,179,1),(3700,3,1,1,0,1,1,100,0),(3701,3,1,1,0,1,1,101,1),(3702,3,1,1,0,1,1,102,1),(3703,3,1,1,0,1,1,103,1),(3704,3,1,1,0,1,1,104,1),(3705,3,1,1,0,1,1,105,1),(3706,3,1,1,0,1,1,106,1),(3707,3,1,1,0,1,1,107,1),(3708,3,1,1,0,1,1,108,1),(3709,3,1,1,0,1,1,109,1),(3710,3,1,1,0,1,1,110,1),(3711,3,1,1,0,1,1,111,1),(3712,3,1,1,0,1,1,112,1),(3713,3,1,1,0,1,1,113,1),(3714,3,1,1,0,1,1,114,1),(3715,3,1,1,0,1,1,115,1),(3716,3,1,1,0,1,1,116,1),(3717,3,1,1,0,1,1,117,1),(3718,3,1,1,0,1,1,118,1),(3719,3,1,1,0,1,1,119,1),(3720,3,1,1,0,1,1,120,1),(3721,3,1,1,0,1,1,121,1),(3722,3,1,1,0,1,1,122,1),(3723,3,1,1,0,1,1,123,1),(3724,3,1,1,0,1,1,124,1),(3725,3,1,1,0,1,1,125,1),(3726,3,1,1,0,1,1,126,1),(3727,3,1,1,0,1,1,127,1),(3728,3,1,1,0,1,1,128,1),(3729,3,1,1,0,1,1,129,1),(3730,3,1,1,0,1,1,130,1),(3731,3,1,1,0,1,1,131,1),(3732,3,1,1,0,1,1,132,1),(3733,3,2,1,1,1,1,133,0),(3734,3,2,1,1,1,1,134,0),(3735,3,2,1,1,1,1,135,1),(3736,3,2,1,1,1,1,136,1),(3737,3,2,1,1,1,1,137,1),(3738,3,2,1,1,1,1,138,1),(3739,3,2,1,1,1,1,139,1),(3740,3,2,1,1,1,1,140,1),(3741,3,2,1,1,1,1,141,1),(3742,3,2,1,1,1,1,142,1),(3743,3,2,1,1,1,1,143,1),(3744,3,2,1,1,1,1,144,1),(3745,3,2,1,1,1,1,145,1),(3746,3,2,1,1,1,1,146,1),(3747,3,2,1,1,1,1,147,1),(3748,3,2,1,1,1,1,148,1),(3749,3,2,1,1,1,1,149,1),(3750,3,2,1,1,1,1,150,1),(3751,3,2,1,1,1,1,151,1),(3752,3,2,1,1,1,1,152,1),(3753,3,2,1,1,1,1,153,1),(3754,3,2,1,1,1,1,154,1),(3755,3,2,1,1,1,1,155,1),(3756,3,2,1,1,1,1,156,1),(3757,3,2,1,1,1,1,157,1),(3758,3,2,1,1,1,1,158,1),(3759,3,2,1,1,1,1,159,1),(3760,3,2,1,1,1,1,160,1),(3761,3,2,1,1,1,1,161,1),(3762,3,2,1,1,1,1,162,1),(3763,3,2,1,1,1,1,163,1),(3764,3,2,1,1,1,1,164,1),(3765,3,2,1,1,1,1,165,1),(3766,3,2,1,1,1,1,166,1),(3767,3,2,1,1,1,1,167,1),(3768,3,2,1,1,1,1,168,1),(3769,3,2,1,1,1,1,169,1),(3770,3,2,1,1,1,1,170,1),(3771,3,2,1,1,1,1,171,1),(3772,3,2,1,1,1,1,172,1),(3773,3,2,1,1,1,1,173,1),(3774,3,2,1,1,1,1,174,1),(3775,3,2,1,1,1,1,175,1),(3776,3,2,1,1,1,1,176,1),(3777,3,2,1,1,1,1,177,1),(3778,3,2,1,1,1,1,178,1),(3779,3,2,1,1,1,1,179,1),(3780,3,2,1,1,1,1,180,1),(3781,3,2,1,1,1,1,181,1),(3782,3,2,1,1,1,1,182,1),(3783,3,2,1,1,1,1,183,1),(3784,3,2,1,1,1,1,184,1),(3785,3,2,1,1,1,1,185,1),(3786,3,2,1,1,1,1,186,1),(3787,3,2,1,1,1,1,187,1),(3788,3,3,1,1,1,1,188,0),(3789,3,3,1,1,1,1,189,1),(3790,3,3,1,1,1,1,190,1),(3791,3,3,1,1,1,1,191,1),(3792,3,3,1,1,1,1,192,1),(3793,3,3,1,1,1,1,193,1),(3794,3,3,1,1,1,1,194,1),(3795,3,3,1,1,1,1,195,1),(3796,3,3,1,1,1,1,196,1),(3797,3,3,1,1,1,1,197,1),(3798,3,3,1,1,1,1,198,1),(3799,3,3,1,1,1,1,199,1),(3800,3,3,1,1,1,1,200,1),(3801,3,3,1,1,1,1,201,1),(3802,3,3,1,1,1,1,202,1),(3803,3,3,1,1,1,1,203,1),(3804,3,3,1,1,1,1,204,1),(3805,3,3,1,1,1,1,205,1),(3806,3,3,1,1,1,1,206,1),(3807,3,3,1,1,1,1,207,1),(3808,3,3,1,1,1,1,208,1),(3809,3,3,1,1,1,1,209,1),(3810,4,1,1,0,1,1,100,0),(3811,4,1,1,0,1,1,101,1),(3812,4,1,1,0,1,1,102,1),(3813,4,1,1,0,1,1,103,1),(3814,4,1,1,0,1,1,104,1),(3815,4,1,1,0,1,1,105,1),(3816,4,1,1,0,1,1,106,1),(3817,4,1,1,0,1,1,107,1),(3818,4,1,1,0,1,1,108,1),(3819,4,1,1,0,1,1,109,1),(3820,4,1,1,0,1,1,110,1),(3821,4,1,1,0,1,1,111,1),(3822,4,1,1,0,1,1,112,1),(3823,4,1,1,0,1,1,113,1),(3824,4,1,1,0,1,1,114,1),(3825,4,1,1,0,1,1,115,1),(3826,4,1,1,0,1,1,116,1),(3827,4,1,1,0,1,1,117,1),(3828,4,1,1,0,1,1,118,1),(3829,4,1,1,0,1,1,119,1),(3830,4,1,1,0,1,1,120,1),(3831,4,1,1,0,1,1,121,1),(3832,4,1,1,0,1,1,122,1),(3833,4,1,1,0,1,1,123,1),(3834,4,1,1,0,1,1,124,1),(3835,4,1,1,0,1,1,125,1),(3836,4,1,1,0,1,1,126,1),(3837,4,1,1,0,1,1,127,1),(3838,4,1,1,0,1,1,128,1),(3839,4,1,1,0,1,1,129,1),(3840,4,2,1,1,1,1,130,1),(3841,4,2,1,1,1,1,131,1),(3842,4,2,1,1,1,1,132,1),(3843,4,2,1,1,1,1,133,1),(3844,4,2,1,1,1,1,134,1),(3845,4,2,1,1,1,1,135,1),(3846,4,2,1,1,1,1,136,1),(3847,4,2,1,1,1,1,137,1),(3848,4,2,1,1,1,1,138,1),(3849,4,2,1,1,1,1,139,1),(3850,4,2,1,1,1,1,140,1),(3851,4,2,1,1,1,1,141,1),(3852,4,2,1,1,1,1,142,1),(3853,4,2,1,1,1,1,143,1),(3854,4,2,1,1,1,1,144,1),(3855,4,2,1,1,1,1,145,1),(3856,4,2,1,1,1,1,146,1),(3857,4,2,1,1,1,1,147,1),(3858,4,2,1,1,1,1,148,1),(3859,4,2,1,1,1,1,149,1),(3860,4,2,1,1,1,1,150,1),(3861,4,2,1,1,1,1,151,1),(3862,4,2,1,1,1,1,152,1),(3863,4,2,1,1,1,1,153,1),(3864,4,2,1,1,1,1,154,1),(3865,4,2,1,1,1,1,155,1),(3866,4,2,1,1,1,1,156,1),(3867,4,2,1,1,1,1,157,1),(3868,4,2,1,1,1,1,158,1),(3869,4,2,1,1,1,1,159,1),(3870,4,2,1,1,1,1,160,1),(3871,4,2,1,1,1,1,161,1),(3872,4,2,1,1,1,1,162,1),(3873,4,2,1,1,1,1,163,1),(3874,4,2,1,1,1,1,164,1),(3875,4,2,1,1,1,1,165,1),(3876,4,2,1,1,1,1,166,1),(3877,4,2,1,1,1,1,167,1),(3878,4,2,1,1,1,1,168,1),(3879,4,2,1,1,1,1,169,1),(3880,4,2,1,1,1,1,170,1),(3881,4,2,1,1,1,1,171,1),(3882,4,2,1,1,1,1,172,1),(3883,4,2,1,1,1,1,173,1),(3884,4,2,1,1,1,1,174,1),(3885,4,2,1,1,1,1,175,1),(3886,4,2,1,1,1,1,176,1),(3887,4,2,1,1,1,1,177,1),(3888,4,2,1,1,1,1,178,1),(3889,4,2,1,1,1,1,179,1),(3890,4,3,1,1,1,1,180,1),(3891,4,3,1,1,1,1,181,1),(3892,4,3,1,1,1,1,182,1),(3893,4,3,1,1,1,1,183,1),(3894,4,3,1,1,1,1,184,1),(3895,4,3,1,1,1,1,185,1),(3896,4,3,1,1,1,1,186,1),(3897,4,3,1,1,1,1,187,1),(3898,4,3,1,1,1,1,188,1),(3899,4,3,1,1,1,1,189,1),(3900,4,3,1,1,1,1,190,1),(3901,4,3,1,1,1,1,191,1),(3902,4,3,1,1,1,1,192,1),(3903,4,3,1,1,1,1,193,1),(3904,4,3,1,1,1,1,194,1),(3905,4,3,1,1,1,1,195,1),(3906,4,3,1,1,1,1,196,1),(3907,4,3,1,1,1,1,197,1),(3908,4,3,1,1,1,1,198,1),(3909,4,3,1,1,1,1,199,1),(3910,5,1,1,0,1,1,100,1),(3911,5,1,1,0,1,1,101,1),(3912,5,1,1,0,1,1,102,1),(3913,5,1,1,0,1,1,103,1),(3914,5,1,1,0,1,1,104,1),(3915,5,1,1,0,1,1,105,1),(3916,5,1,1,0,1,1,106,1),(3917,5,1,1,0,1,1,107,1),(3918,5,1,1,0,1,1,108,1),(3919,5,1,1,0,1,1,109,1),(3920,5,1,1,0,1,1,110,1),(3921,5,1,1,0,1,1,111,1),(3922,5,1,1,0,1,1,112,1),(3923,5,1,1,0,1,1,113,1),(3924,5,1,1,0,1,1,114,1),(3925,5,1,1,0,1,1,115,1),(3926,5,1,1,0,1,1,116,1),(3927,5,1,1,0,1,1,117,1),(3928,5,1,1,0,1,1,118,1),(3929,5,1,1,0,1,1,119,1),(3930,5,1,1,0,1,1,120,1),(3931,5,1,1,0,1,1,121,1),(3932,5,1,1,0,1,1,122,1),(3933,5,1,1,0,1,1,123,1),(3934,5,1,1,0,1,1,124,1),(3935,5,1,1,0,1,1,125,1),(3936,5,1,1,0,1,1,126,1),(3937,5,2,1,1,1,1,127,1),(3938,5,2,1,1,1,1,128,1),(3939,5,2,1,1,1,1,129,1),(3940,5,2,1,1,1,1,130,1),(3941,5,2,1,1,1,1,131,1),(3942,5,2,1,1,1,1,132,1),(3943,5,2,1,1,1,1,133,1),(3944,5,2,1,1,1,1,134,1),(3945,5,2,1,1,1,1,135,1),(3946,5,2,1,1,1,1,136,1),(3947,5,2,1,1,1,1,137,1),(3948,5,2,1,1,1,1,138,1),(3949,5,2,1,1,1,1,139,1),(3950,5,2,1,1,1,1,140,1),(3951,5,2,1,1,1,1,141,1),(3952,5,2,1,1,1,1,142,1),(3953,5,2,1,1,1,1,143,1),(3954,5,2,1,1,1,1,144,1),(3955,5,2,1,1,1,1,145,1),(3956,5,2,1,1,1,1,146,1),(3957,5,2,1,1,1,1,147,1),(3958,5,2,1,1,1,1,148,1),(3959,5,2,1,1,1,1,149,1),(3960,5,2,1,1,1,1,150,1),(3961,5,2,1,1,1,1,151,1),(3962,5,2,1,1,1,1,152,1),(3963,5,2,1,1,1,1,153,1),(3964,5,2,1,1,1,1,154,1),(3965,5,2,1,1,1,1,155,1),(3966,5,2,1,1,1,1,156,1),(3967,5,2,1,1,1,1,157,1),(3968,5,2,1,1,1,1,158,1),(3969,5,2,1,1,1,1,159,1),(3970,5,2,1,1,1,1,160,1),(3971,5,2,1,1,1,1,161,1),(3972,5,2,1,1,1,1,162,1),(3973,5,2,1,1,1,1,163,1),(3974,5,2,1,1,1,1,164,1),(3975,5,2,1,1,1,1,165,1),(3976,5,2,1,1,1,1,166,1),(3977,5,2,1,1,1,1,167,1),(3978,5,2,1,1,1,1,168,1),(3979,5,2,1,1,1,1,169,1),(3980,5,2,1,1,1,1,170,1),(3981,5,2,1,1,1,1,171,1),(3982,5,3,1,1,1,1,172,1),(3983,5,3,1,1,1,1,173,1),(3984,5,3,1,1,1,1,174,1),(3985,5,3,1,1,1,1,175,1),(3986,5,3,1,1,1,1,176,1),(3987,5,3,1,1,1,1,177,1),(3988,5,3,1,1,1,1,178,1),(3989,5,3,1,1,1,1,179,1),(3990,5,3,1,1,1,1,180,1),(3991,5,3,1,1,1,1,181,1),(3992,5,3,1,1,1,1,182,1),(3993,5,3,1,1,1,1,183,1),(3994,5,3,1,1,1,1,184,1),(3995,5,3,1,1,1,1,185,1),(3996,5,3,1,1,1,1,186,1),(3997,5,3,1,1,1,1,187,1),(3998,5,3,1,1,1,1,188,1),(3999,5,3,1,1,1,1,189,1),(4000,6,1,1,0,1,1,100,1),(4001,6,1,1,0,1,1,101,1),(4002,6,1,1,0,1,1,102,1),(4003,6,1,1,0,1,1,103,1),(4004,6,1,1,0,1,1,104,1),(4005,6,1,1,0,1,1,105,1),(4006,6,1,1,0,1,1,106,1),(4007,6,1,1,0,1,1,107,1),(4008,6,1,1,0,1,1,108,1),(4009,6,1,1,0,1,1,109,1),(4010,6,1,1,0,1,1,110,1),(4011,6,1,1,0,1,1,111,1),(4012,6,1,1,0,1,1,112,1),(4013,6,1,1,0,1,1,113,1),(4014,6,1,1,0,1,1,114,1),(4015,6,1,1,0,1,1,115,1),(4016,6,1,1,0,1,1,116,1),(4017,6,1,1,0,1,1,117,1),(4018,6,1,1,0,1,1,118,1),(4019,6,1,1,0,1,1,119,1),(4020,6,1,1,0,1,1,120,1),(4021,6,1,1,0,1,1,121,1),(4022,6,1,1,0,1,1,122,1),(4023,6,1,1,0,1,1,123,1),(4024,6,1,1,0,1,1,124,1),(4025,6,1,1,0,1,1,125,1),(4026,6,1,1,0,1,1,126,1),(4027,6,1,1,0,1,1,127,1),(4028,6,1,1,0,1,1,128,1),(4029,6,1,1,0,1,1,129,1),(4030,6,1,1,0,1,1,130,1),(4031,6,1,1,0,1,1,131,1),(4032,6,1,1,0,1,1,132,1),(4033,6,1,1,0,1,1,133,1),(4034,6,1,1,0,1,1,134,1),(4035,6,1,1,0,1,1,135,1),(4036,6,2,1,1,1,1,136,1),(4037,6,2,1,1,1,1,137,1),(4038,6,2,1,1,1,1,138,1),(4039,6,2,1,1,1,1,139,1),(4040,6,2,1,1,1,1,140,1),(4041,6,2,1,1,1,1,141,1),(4042,6,2,1,1,1,1,142,1),(4043,6,2,1,1,1,1,143,1),(4044,6,2,1,1,1,1,144,1),(4045,6,2,1,1,1,1,145,1),(4046,6,2,1,1,1,1,146,1),(4047,6,2,1,1,1,1,147,1),(4048,6,2,1,1,1,1,148,1),(4049,6,2,1,1,1,1,149,1),(4050,6,2,1,1,1,1,150,1),(4051,6,2,1,1,1,1,151,1),(4052,6,2,1,1,1,1,152,1),(4053,6,2,1,1,1,1,153,1),(4054,6,2,1,1,1,1,154,1),(4055,6,2,1,1,1,1,155,1),(4056,6,2,1,1,1,1,156,1),(4057,6,2,1,1,1,1,157,1),(4058,6,2,1,1,1,1,158,1),(4059,6,2,1,1,1,1,159,1),(4060,6,2,1,1,1,1,160,1),(4061,6,2,1,1,1,1,161,1),(4062,6,2,1,1,1,1,162,1),(4063,6,2,1,1,1,1,163,1),(4064,6,2,1,1,1,1,164,1),(4065,6,2,1,1,1,1,165,1),(4066,6,2,1,1,1,1,166,1),(4067,6,2,1,1,1,1,167,1),(4068,6,2,1,1,1,1,168,1),(4069,6,2,1,1,1,1,169,1),(4070,6,2,1,1,1,1,170,1),(4071,6,2,1,1,1,1,171,1),(4072,6,2,1,1,1,1,172,1),(4073,6,2,1,1,1,1,173,1),(4074,6,2,1,1,1,1,174,1),(4075,6,2,1,1,1,1,175,1),(4076,6,2,1,1,1,1,176,1),(4077,6,2,1,1,1,1,177,1),(4078,6,2,1,1,1,1,178,1),(4079,6,2,1,1,1,1,179,1),(4080,6,2,1,1,1,1,180,1),(4081,6,2,1,1,1,1,181,1),(4082,6,2,1,1,1,1,182,1),(4083,6,2,1,1,1,1,183,1),(4084,6,2,1,1,1,1,184,1),(4085,6,2,1,1,1,1,185,1),(4086,6,2,1,1,1,1,186,1),(4087,6,2,1,1,1,1,187,1),(4088,6,2,1,1,1,1,188,1),(4089,6,2,1,1,1,1,189,1),(4090,6,2,1,1,1,1,190,1),(4091,6,2,1,1,1,1,191,1),(4092,6,2,1,1,1,1,192,1),(4093,6,2,1,1,1,1,193,1),(4094,6,2,1,1,1,1,194,1),(4095,6,2,1,1,1,1,195,1),(4096,6,3,1,1,1,1,196,0),(4097,6,3,1,1,1,1,197,1),(4098,6,3,1,1,1,1,198,1),(4099,6,3,1,1,1,1,199,1),(4100,6,3,1,1,1,1,200,1),(4101,6,3,1,1,1,1,201,1),(4102,6,3,1,1,1,1,202,1),(4103,6,3,1,1,1,1,203,1),(4104,6,3,1,1,1,1,204,1),(4105,6,3,1,1,1,1,205,1),(4106,6,3,1,1,1,1,206,1),(4107,6,3,1,1,1,1,207,1),(4108,6,3,1,1,1,1,208,1),(4109,6,3,1,1,1,1,209,1),(4110,6,3,1,1,1,1,210,1),(4111,6,3,1,1,1,1,211,1),(4112,6,3,1,1,1,1,212,1),(4113,6,3,1,1,1,1,213,1),(4114,6,3,1,1,1,1,214,1),(4115,6,3,1,1,1,1,215,1),(4116,6,3,1,1,1,1,216,1),(4117,6,3,1,1,1,1,217,1),(4118,6,3,1,1,1,1,218,1),(4119,6,3,1,1,1,1,219,1),(4120,7,1,1,0,1,1,100,0),(4121,7,1,1,0,1,1,101,1),(4122,7,1,1,0,1,1,102,1),(4123,7,1,1,0,1,1,103,1),(4124,7,1,1,0,1,1,104,1),(4125,7,1,1,0,1,1,105,1),(4126,7,1,1,0,1,1,106,1),(4127,7,1,1,0,1,1,107,1),(4128,7,1,1,0,1,1,108,1),(4129,7,1,1,0,1,1,109,1),(4130,7,1,1,0,1,1,110,1),(4131,7,1,1,0,1,1,111,1),(4132,7,1,1,0,1,1,112,1),(4133,7,1,1,0,1,1,113,1),(4134,7,1,1,0,1,1,114,1),(4135,7,1,1,0,1,1,115,1),(4136,7,1,1,0,1,1,116,1),(4137,7,1,1,0,1,1,117,1),(4138,7,1,1,0,1,1,118,1),(4139,7,1,1,0,1,1,119,1),(4140,7,1,1,0,1,1,120,1),(4141,7,1,1,0,1,1,121,1),(4142,7,1,1,0,1,1,122,1),(4143,7,1,1,0,1,1,123,1),(4144,7,1,1,0,1,1,124,1),(4145,7,1,1,0,1,1,125,1),(4146,7,1,1,0,1,1,126,1),(4147,7,1,1,0,1,1,127,1),(4148,7,1,1,0,1,1,128,1),(4149,7,1,1,0,1,1,129,1),(4150,7,1,1,0,1,1,130,1),(4151,7,1,1,0,1,1,131,1),(4152,7,1,1,0,1,1,132,1),(4153,7,1,1,0,1,1,133,1),(4154,7,1,1,0,1,1,134,1),(4155,7,1,1,0,1,1,135,1),(4156,7,1,1,0,1,1,136,1),(4157,7,1,1,0,1,1,137,1),(4158,7,1,1,0,1,1,138,1),(4159,7,1,1,0,1,1,139,1),(4160,7,1,1,0,1,1,140,1),(4161,7,1,1,0,1,1,141,1),(4162,7,2,1,1,1,1,142,1),(4163,7,2,1,1,1,1,143,1),(4164,7,2,1,1,1,1,144,1),(4165,7,2,1,1,1,1,145,1),(4166,7,2,1,1,1,1,146,1),(4167,7,2,1,1,1,1,147,1),(4168,7,2,1,1,1,1,148,1),(4169,7,2,1,1,1,1,149,1),(4170,7,2,1,1,1,1,150,1),(4171,7,2,1,1,1,1,151,1),(4172,7,2,1,1,1,1,152,1),(4173,7,2,1,1,1,1,153,1),(4174,7,2,1,1,1,1,154,1),(4175,7,2,1,1,1,1,155,1),(4176,7,2,1,1,1,1,156,1),(4177,7,2,1,1,1,1,157,1),(4178,7,2,1,1,1,1,158,1),(4179,7,2,1,1,1,1,159,1),(4180,7,2,1,1,1,1,160,1),(4181,7,2,1,1,1,1,161,1),(4182,7,2,1,1,1,1,162,1),(4183,7,2,1,1,1,1,163,1),(4184,7,2,1,1,1,1,164,1),(4185,7,2,1,1,1,1,165,1),(4186,7,2,1,1,1,1,166,1),(4187,7,2,1,1,1,1,167,1),(4188,7,2,1,1,1,1,168,1),(4189,7,2,1,1,1,1,169,1),(4190,7,2,1,1,1,1,170,1),(4191,7,2,1,1,1,1,171,1),(4192,7,2,1,1,1,1,172,1),(4193,7,2,1,1,1,1,173,1),(4194,7,2,1,1,1,1,174,1),(4195,7,2,1,1,1,1,175,1),(4196,7,2,1,1,1,1,176,1),(4197,7,2,1,1,1,1,177,1),(4198,7,2,1,1,1,1,178,1),(4199,7,2,1,1,1,1,179,1),(4200,7,2,1,1,1,1,180,1),(4201,7,2,1,1,1,1,181,1),(4202,7,2,1,1,1,1,182,1),(4203,7,2,1,1,1,1,183,1),(4204,7,2,1,1,1,1,184,1),(4205,7,2,1,1,1,1,185,1),(4206,7,2,1,1,1,1,186,1),(4207,7,2,1,1,1,1,187,1),(4208,7,2,1,1,1,1,188,1),(4209,7,2,1,1,1,1,189,1),(4210,7,2,1,1,1,1,190,1),(4211,7,2,1,1,1,1,191,1),(4212,7,2,1,1,1,1,192,1),(4213,7,2,1,1,1,1,193,1),(4214,7,2,1,1,1,1,194,1),(4215,7,2,1,1,1,1,195,1),(4216,7,2,1,1,1,1,196,1),(4217,7,2,1,1,1,1,197,1),(4218,7,2,1,1,1,1,198,1),(4219,7,2,1,1,1,1,199,1),(4220,7,2,1,1,1,1,200,1),(4221,7,2,1,1,1,1,201,1),(4222,7,2,1,1,1,1,202,1),(4223,7,2,1,1,1,1,203,1),(4224,7,2,1,1,1,1,204,1),(4225,7,2,1,1,1,1,205,1),(4226,7,2,1,1,1,1,206,1),(4227,7,2,1,1,1,1,207,1),(4228,7,2,1,1,1,1,208,1),(4229,7,2,1,1,1,1,209,1),(4230,7,2,1,1,1,1,210,1),(4231,7,2,1,1,1,1,211,1),(4232,7,3,1,1,1,1,212,0),(4233,7,3,1,1,1,1,213,1),(4234,7,3,1,1,1,1,214,1),(4235,7,3,1,1,1,1,215,1),(4236,7,3,1,1,1,1,216,1),(4237,7,3,1,1,1,1,217,1),(4238,7,3,1,1,1,1,218,1),(4239,7,3,1,1,1,1,219,1),(4240,7,3,1,1,1,1,220,1),(4241,7,3,1,1,1,1,221,1),(4242,7,3,1,1,1,1,222,1),(4243,7,3,1,1,1,1,223,1),(4244,7,3,1,1,1,1,224,1),(4245,7,3,1,1,1,1,225,1),(4246,7,3,1,1,1,1,226,1),(4247,7,3,1,1,1,1,227,1),(4248,7,3,1,1,1,1,228,1),(4249,7,3,1,1,1,1,229,1),(4250,7,3,1,1,1,1,230,1),(4251,7,3,1,1,1,1,231,1),(4252,7,3,1,1,1,1,232,1),(4253,7,3,1,1,1,1,233,1),(4254,7,3,1,1,1,1,234,1),(4255,7,3,1,1,1,1,235,1),(4256,7,3,1,1,1,1,236,1),(4257,7,3,1,1,1,1,237,1),(4258,7,3,1,1,1,1,238,1),(4259,7,3,1,1,1,1,239,1),(4260,8,1,1,0,1,1,100,1),(4261,8,1,1,0,1,1,101,1),(4262,8,1,1,0,1,1,102,1),(4263,8,1,1,0,1,1,103,1),(4264,8,1,1,0,1,1,104,1),(4265,8,1,1,0,1,1,105,1),(4266,8,1,1,0,1,1,106,1),(4267,8,1,1,0,1,1,107,1),(4268,8,1,1,0,1,1,108,1),(4269,8,1,1,0,1,1,109,1),(4270,8,1,1,0,1,1,110,1),(4271,8,1,1,0,1,1,111,1),(4272,8,1,1,0,1,1,112,1),(4273,8,1,1,0,1,1,113,1),(4274,8,1,1,0,1,1,114,1),(4275,8,1,1,0,1,1,115,1),(4276,8,1,1,0,1,1,116,1),(4277,8,1,1,0,1,1,117,1),(4278,8,1,1,0,1,1,118,1),(4279,8,1,1,0,1,1,119,1),(4280,8,1,1,0,1,1,120,1),(4281,8,1,1,0,1,1,121,1),(4282,8,1,1,0,1,1,122,1),(4283,8,1,1,0,1,1,123,1),(4284,8,1,1,0,1,1,124,1),(4285,8,1,1,0,1,1,125,1),(4286,8,1,1,0,1,1,126,1),(4287,8,1,1,0,1,1,127,1),(4288,8,1,1,0,1,1,128,1),(4289,8,1,1,0,1,1,129,1),(4290,8,1,1,0,1,1,130,1),(4291,8,1,1,0,1,1,131,1),(4292,8,1,1,0,1,1,132,1),(4293,8,1,1,0,1,1,133,1),(4294,8,1,1,0,1,1,134,1),(4295,8,1,1,0,1,1,135,1),(4296,8,1,1,0,1,1,136,1),(4297,8,1,1,0,1,1,137,1),(4298,8,1,1,0,1,1,138,1),(4299,8,1,1,0,1,1,139,1),(4300,8,1,1,0,1,1,140,1),(4301,8,1,1,0,1,1,141,1),(4302,8,1,1,0,1,1,142,1),(4303,8,1,1,0,1,1,143,1),(4304,8,1,1,0,1,1,144,1),(4305,8,1,1,0,1,1,145,1),(4306,8,1,1,0,1,1,146,1),(4307,8,1,1,0,1,1,147,1),(4308,8,2,1,1,1,1,148,1),(4309,8,2,1,1,1,1,149,1),(4310,8,2,1,1,1,1,150,1),(4311,8,2,1,1,1,1,151,1),(4312,8,2,1,1,1,1,152,1),(4313,8,2,1,1,1,1,153,1),(4314,8,2,1,1,1,1,154,1),(4315,8,2,1,1,1,1,155,1),(4316,8,2,1,1,1,1,156,1),(4317,8,2,1,1,1,1,157,1),(4318,8,2,1,1,1,1,158,1),(4319,8,2,1,1,1,1,159,1),(4320,8,2,1,1,1,1,160,1),(4321,8,2,1,1,1,1,161,1),(4322,8,2,1,1,1,1,162,1),(4323,8,2,1,1,1,1,163,1),(4324,8,2,1,1,1,1,164,1),(4325,8,2,1,1,1,1,165,1),(4326,8,2,1,1,1,1,166,1),(4327,8,2,1,1,1,1,167,1),(4328,8,2,1,1,1,1,168,1),(4329,8,2,1,1,1,1,169,1),(4330,8,2,1,1,1,1,170,1),(4331,8,2,1,1,1,1,171,1),(4332,8,2,1,1,1,1,172,1),(4333,8,2,1,1,1,1,173,1),(4334,8,2,1,1,1,1,174,1),(4335,8,2,1,1,1,1,175,1),(4336,8,2,1,1,1,1,176,1),(4337,8,2,1,1,1,1,177,1),(4338,8,2,1,1,1,1,178,1),(4339,8,2,1,1,1,1,179,1),(4340,8,2,1,1,1,1,180,1),(4341,8,2,1,1,1,1,181,1),(4342,8,2,1,1,1,1,182,1),(4343,8,2,1,1,1,1,183,1),(4344,8,2,1,1,1,1,184,1),(4345,8,2,1,1,1,1,185,1),(4346,8,2,1,1,1,1,186,1),(4347,8,2,1,1,1,1,187,1),(4348,8,2,1,1,1,1,188,1),(4349,8,2,1,1,1,1,189,1),(4350,8,2,1,1,1,1,190,1),(4351,8,2,1,1,1,1,191,1),(4352,8,2,1,1,1,1,192,1),(4353,8,2,1,1,1,1,193,1),(4354,8,2,1,1,1,1,194,1),(4355,8,2,1,1,1,1,195,1),(4356,8,2,1,1,1,1,196,1),(4357,8,2,1,1,1,1,197,1),(4358,8,2,1,1,1,1,198,1),(4359,8,2,1,1,1,1,199,1),(4360,8,2,1,1,1,1,200,1),(4361,8,2,1,1,1,1,201,1),(4362,8,2,1,1,1,1,202,1),(4363,8,2,1,1,1,1,203,1),(4364,8,2,1,1,1,1,204,1),(4365,8,2,1,1,1,1,205,1),(4366,8,2,1,1,1,1,206,1),(4367,8,2,1,1,1,1,207,1),(4368,8,2,1,1,1,1,208,1),(4369,8,2,1,1,1,1,209,1),(4370,8,2,1,1,1,1,210,1),(4371,8,2,1,1,1,1,211,1),(4372,8,2,1,1,1,1,212,1),(4373,8,2,1,1,1,1,213,1),(4374,8,2,1,1,1,1,214,1),(4375,8,2,1,1,1,1,215,1),(4376,8,2,1,1,1,1,216,1),(4377,8,2,1,1,1,1,217,1),(4378,8,2,1,1,1,1,218,1),(4379,8,2,1,1,1,1,219,1),(4380,8,2,1,1,1,1,220,1),(4381,8,2,1,1,1,1,221,1),(4382,8,2,1,1,1,1,222,1),(4383,8,2,1,1,1,1,223,1),(4384,8,2,1,1,1,1,224,1),(4385,8,2,1,1,1,1,225,1),(4386,8,2,1,1,1,1,226,1),(4387,8,2,1,1,1,1,227,1),(4388,8,3,1,1,1,1,228,1),(4389,8,3,1,1,1,1,229,1),(4390,8,3,1,1,1,1,230,1),(4391,8,3,1,1,1,1,231,1),(4392,8,3,1,1,1,1,232,1),(4393,8,3,1,1,1,1,233,1),(4394,8,3,1,1,1,1,234,1),(4395,8,3,1,1,1,1,235,1),(4396,8,3,1,1,1,1,236,1),(4397,8,3,1,1,1,1,237,1),(4398,8,3,1,1,1,1,238,1),(4399,8,3,1,1,1,1,239,1),(4400,8,3,1,1,1,1,240,1),(4401,8,3,1,1,1,1,241,1),(4402,8,3,1,1,1,1,242,1),(4403,8,3,1,1,1,1,243,1),(4404,8,3,1,1,1,1,244,1),(4405,8,3,1,1,1,1,245,1),(4406,8,3,1,1,1,1,246,1),(4407,8,3,1,1,1,1,247,1),(4408,8,3,1,1,1,1,248,1),(4409,8,3,1,1,1,1,249,1),(4410,8,3,1,1,1,1,250,1),(4411,8,3,1,1,1,1,251,1),(4412,8,3,1,1,1,1,252,1),(4413,8,3,1,1,1,1,253,1),(4414,8,3,1,1,1,1,254,1),(4415,8,3,1,1,1,1,255,1),(4416,8,3,1,1,1,1,256,1),(4417,8,3,1,1,1,1,257,1),(4418,8,3,1,1,1,1,258,1),(4419,8,3,1,1,1,1,259,1),(4420,9,1,1,0,1,1,100,0),(4421,9,1,1,0,1,1,101,1),(4422,9,1,1,0,1,1,102,1),(4423,9,1,1,0,1,1,103,1),(4424,9,1,1,0,1,1,104,1),(4425,9,1,1,0,1,1,105,1),(4426,9,1,1,0,1,1,106,1),(4427,9,1,1,0,1,1,107,1),(4428,9,1,1,0,1,1,108,1),(4429,9,1,1,0,1,1,109,1),(4430,9,1,1,0,1,1,110,1),(4431,9,1,1,0,1,1,111,1),(4432,9,1,1,0,1,1,112,1),(4433,9,1,1,0,1,1,113,1),(4434,9,1,1,0,1,1,114,1),(4435,9,1,1,0,1,1,115,1),(4436,9,1,1,0,1,1,116,1),(4437,9,1,1,0,1,1,117,1),(4438,9,1,1,0,1,1,118,1),(4439,9,1,1,0,1,1,119,1),(4440,9,1,1,0,1,1,120,1),(4441,9,1,1,0,1,1,121,1),(4442,9,1,1,0,1,1,122,1),(4443,9,1,1,0,1,1,123,1),(4444,9,1,1,0,1,1,124,1),(4445,9,1,1,0,1,1,125,1),(4446,9,1,1,0,1,1,126,1),(4447,9,1,1,0,1,1,127,1),(4448,9,1,1,0,1,1,128,1),(4449,9,1,1,0,1,1,129,1),(4450,9,1,1,0,1,1,130,1),(4451,9,1,1,0,1,1,131,1),(4452,9,1,1,0,1,1,132,1),(4453,9,1,1,0,1,1,133,1),(4454,9,1,1,0,1,1,134,1),(4455,9,1,1,0,1,1,135,1),(4456,9,1,1,0,1,1,136,1),(4457,9,1,1,0,1,1,137,1),(4458,9,1,1,0,1,1,138,1),(4459,9,1,1,0,1,1,139,1),(4460,9,1,1,0,1,1,140,1),(4461,9,1,1,0,1,1,141,1),(4462,9,1,1,0,1,1,142,1),(4463,9,1,1,0,1,1,143,1),(4464,9,1,1,0,1,1,144,1),(4465,9,2,1,1,1,1,145,0),(4466,9,2,1,1,1,1,146,1),(4467,9,2,1,1,1,1,147,1),(4468,9,2,1,1,1,1,148,1),(4469,9,2,1,1,1,1,149,1),(4470,9,2,1,1,1,1,150,1),(4471,9,2,1,1,1,1,151,1),(4472,9,2,1,1,1,1,152,1),(4473,9,2,1,1,1,1,153,1),(4474,9,2,1,1,1,1,154,1),(4475,9,2,1,1,1,1,155,1),(4476,9,2,1,1,1,1,156,1),(4477,9,2,1,1,1,1,157,1),(4478,9,2,1,1,1,1,158,1),(4479,9,2,1,1,1,1,159,1),(4480,9,2,1,1,1,1,160,1),(4481,9,2,1,1,1,1,161,1),(4482,9,2,1,1,1,1,162,1),(4483,9,2,1,1,1,1,163,1),(4484,9,2,1,1,1,1,164,1),(4485,9,2,1,1,1,1,165,1),(4486,9,2,1,1,1,1,166,1),(4487,9,2,1,1,1,1,167,1),(4488,9,2,1,1,1,1,168,1),(4489,9,2,1,1,1,1,169,1),(4490,9,2,1,1,1,1,170,1),(4491,9,2,1,1,1,1,171,1),(4492,9,2,1,1,1,1,172,1),(4493,9,2,1,1,1,1,173,1),(4494,9,2,1,1,1,1,174,1),(4495,9,2,1,1,1,1,175,1),(4496,9,2,1,1,1,1,176,1),(4497,9,2,1,1,1,1,177,1),(4498,9,2,1,1,1,1,178,1),(4499,9,2,1,1,1,1,179,1),(4500,9,2,1,1,1,1,180,1),(4501,9,2,1,1,1,1,181,1),(4502,9,2,1,1,1,1,182,1),(4503,9,2,1,1,1,1,183,1),(4504,9,2,1,1,1,1,184,1),(4505,9,2,1,1,1,1,185,1),(4506,9,2,1,1,1,1,186,1),(4507,9,2,1,1,1,1,187,1),(4508,9,2,1,1,1,1,188,1),(4509,9,2,1,1,1,1,189,1),(4510,9,2,1,1,1,1,190,1),(4511,9,2,1,1,1,1,191,1),(4512,9,2,1,1,1,1,192,1),(4513,9,2,1,1,1,1,193,1),(4514,9,2,1,1,1,1,194,1),(4515,9,2,1,1,1,1,195,1),(4516,9,2,1,1,1,1,196,1),(4517,9,2,1,1,1,1,197,1),(4518,9,2,1,1,1,1,198,1),(4519,9,2,1,1,1,1,199,1),(4520,9,2,1,1,1,1,200,1),(4521,9,2,1,1,1,1,201,1),(4522,9,2,1,1,1,1,202,1),(4523,9,2,1,1,1,1,203,1),(4524,9,2,1,1,1,1,204,1),(4525,9,2,1,1,1,1,205,1),(4526,9,2,1,1,1,1,206,1),(4527,9,2,1,1,1,1,207,1),(4528,9,2,1,1,1,1,208,1),(4529,9,2,1,1,1,1,209,1),(4530,9,2,1,1,1,1,210,1),(4531,9,2,1,1,1,1,211,1),(4532,9,2,1,1,1,1,212,1),(4533,9,2,1,1,1,1,213,1),(4534,9,2,1,1,1,1,214,1),(4535,9,2,1,1,1,1,215,1),(4536,9,2,1,1,1,1,216,1),(4537,9,2,1,1,1,1,217,1),(4538,9,2,1,1,1,1,218,1),(4539,9,2,1,1,1,1,219,1),(4540,9,3,1,1,1,1,220,1),(4541,9,3,1,1,1,1,221,1),(4542,9,3,1,1,1,1,222,1),(4543,9,3,1,1,1,1,223,1),(4544,9,3,1,1,1,1,224,1),(4545,9,3,1,1,1,1,225,1),(4546,9,3,1,1,1,1,226,1),(4547,9,3,1,1,1,1,227,1),(4548,9,3,1,1,1,1,228,1),(4549,9,3,1,1,1,1,229,1),(4550,9,3,1,1,1,1,230,1),(4551,9,3,1,1,1,1,231,1),(4552,9,3,1,1,1,1,232,1),(4553,9,3,1,1,1,1,233,1),(4554,9,3,1,1,1,1,234,1),(4555,9,3,1,1,1,1,235,1),(4556,9,3,1,1,1,1,236,1),(4557,9,3,1,1,1,1,237,1),(4558,9,3,1,1,1,1,238,1),(4559,9,3,1,1,1,1,239,1),(4560,9,3,1,1,1,1,240,1),(4561,9,3,1,1,1,1,241,1),(4562,9,3,1,1,1,1,242,1),(4563,9,3,1,1,1,1,243,1),(4564,9,3,1,1,1,1,244,1),(4565,9,3,1,1,1,1,245,1),(4566,9,3,1,1,1,1,246,1),(4567,9,3,1,1,1,1,247,1),(4568,9,3,1,1,1,1,248,1),(4569,9,3,1,1,1,1,249,1),(4570,10,1,1,0,1,1,100,1),(4571,10,1,1,0,1,1,101,1),(4572,10,1,1,0,1,1,102,1),(4573,10,1,1,0,1,1,103,1),(4574,10,1,1,0,1,1,104,1),(4575,10,1,1,0,1,1,105,1),(4576,10,1,1,0,1,1,106,1),(4577,10,1,1,0,1,1,107,1),(4578,10,1,1,0,1,1,108,1),(4579,10,1,1,0,1,1,109,1),(4580,10,1,1,0,1,1,110,1),(4581,10,1,1,0,1,1,111,1),(4582,10,1,1,0,1,1,112,1),(4583,10,1,1,0,1,1,113,1),(4584,10,1,1,0,1,1,114,1),(4585,10,1,1,0,1,1,115,1),(4586,10,1,1,0,1,1,116,1),(4587,10,1,1,0,1,1,117,1),(4588,10,1,1,0,1,1,118,1),(4589,10,1,1,0,1,1,119,1),(4590,10,1,1,0,1,1,120,1),(4591,10,1,1,0,1,1,121,1),(4592,10,1,1,0,1,1,122,1),(4593,10,1,1,0,1,1,123,1),(4594,10,1,1,0,1,1,124,1),(4595,10,1,1,0,1,1,125,1),(4596,10,1,1,0,1,1,126,1),(4597,10,2,1,1,1,1,127,1),(4598,10,2,1,1,1,1,128,1),(4599,10,2,1,1,1,1,129,1),(4600,10,2,1,1,1,1,130,1),(4601,10,2,1,1,1,1,131,1),(4602,10,2,1,1,1,1,132,1),(4603,10,2,1,1,1,1,133,1),(4604,10,2,1,1,1,1,134,1),(4605,10,2,1,1,1,1,135,1),(4606,10,2,1,1,1,1,136,1),(4607,10,2,1,1,1,1,137,1),(4608,10,2,1,1,1,1,138,1),(4609,10,2,1,1,1,1,139,1),(4610,10,2,1,1,1,1,140,1),(4611,10,2,1,1,1,1,141,1),(4612,10,2,1,1,1,1,142,1),(4613,10,2,1,1,1,1,143,1),(4614,10,2,1,1,1,1,144,1),(4615,10,2,1,1,1,1,145,1),(4616,10,2,1,1,1,1,146,1),(4617,10,2,1,1,1,1,147,1),(4618,10,2,1,1,1,1,148,1),(4619,10,2,1,1,1,1,149,1),(4620,10,2,1,1,1,1,150,1),(4621,10,2,1,1,1,1,151,1),(4622,10,2,1,1,1,1,152,1),(4623,10,2,1,1,1,1,153,1),(4624,10,2,1,1,1,1,154,1),(4625,10,2,1,1,1,1,155,1),(4626,10,2,1,1,1,1,156,1),(4627,10,2,1,1,1,1,157,1),(4628,10,2,1,1,1,1,158,1),(4629,10,2,1,1,1,1,159,1),(4630,10,2,1,1,1,1,160,1),(4631,10,2,1,1,1,1,161,1),(4632,10,2,1,1,1,1,162,1),(4633,10,2,1,1,1,1,163,1),(4634,10,2,1,1,1,1,164,1),(4635,10,2,1,1,1,1,165,1),(4636,10,2,1,1,1,1,166,1),(4637,10,2,1,1,1,1,167,1),(4638,10,2,1,1,1,1,168,1),(4639,10,2,1,1,1,1,169,1),(4640,10,2,1,1,1,1,170,1),(4641,10,2,1,1,1,1,171,1),(4642,10,3,1,1,1,1,172,1),(4643,10,3,1,1,1,1,173,1),(4644,10,3,1,1,1,1,174,1),(4645,10,3,1,1,1,1,175,1),(4646,10,3,1,1,1,1,176,1),(4647,10,3,1,1,1,1,177,1),(4648,10,3,1,1,1,1,178,1),(4649,10,3,1,1,1,1,179,1),(4650,10,3,1,1,1,1,180,1),(4651,10,3,1,1,1,1,181,1),(4652,10,3,1,1,1,1,182,1),(4653,10,3,1,1,1,1,183,1),(4654,10,3,1,1,1,1,184,1),(4655,10,3,1,1,1,1,185,1),(4656,10,3,1,1,1,1,186,1),(4657,10,3,1,1,1,1,187,1),(4658,10,3,1,1,1,1,188,1),(4659,10,3,1,1,1,1,189,1),(4660,11,1,1,0,1,1,100,1),(4661,11,1,1,0,1,1,101,1),(4662,11,1,1,0,1,1,102,1),(4663,11,1,1,0,1,1,103,1),(4664,11,1,1,0,1,1,104,1),(4665,11,1,1,0,1,1,105,1),(4666,11,1,1,0,1,1,106,1),(4667,11,1,1,0,1,1,107,1),(4668,11,1,1,0,1,1,108,1),(4669,11,1,1,0,1,1,109,1),(4670,11,1,1,0,1,1,110,1),(4671,11,1,1,0,1,1,111,1),(4672,11,1,1,0,1,1,112,1),(4673,11,1,1,0,1,1,113,1),(4674,11,1,1,0,1,1,114,1),(4675,11,1,1,0,1,1,115,1),(4676,11,1,1,0,1,1,116,1),(4677,11,1,1,0,1,1,117,1),(4678,11,1,1,0,1,1,118,1),(4679,11,1,1,0,1,1,119,1),(4680,11,1,1,0,1,1,120,1),(4681,11,1,1,0,1,1,121,1),(4682,11,1,1,0,1,1,122,1),(4683,11,1,1,0,1,1,123,1),(4684,11,1,1,0,1,1,124,1),(4685,11,1,1,0,1,1,125,1),(4686,11,1,1,0,1,1,126,1),(4687,11,2,1,1,1,1,127,1),(4688,11,2,1,1,1,1,128,1),(4689,11,2,1,1,1,1,129,1),(4690,11,2,1,1,1,1,130,1),(4691,11,2,1,1,1,1,131,1),(4692,11,2,1,1,1,1,132,1),(4693,11,2,1,1,1,1,133,1),(4694,11,2,1,1,1,1,134,1),(4695,11,2,1,1,1,1,135,1),(4696,11,2,1,1,1,1,136,1),(4697,11,2,1,1,1,1,137,1),(4698,11,2,1,1,1,1,138,1),(4699,11,2,1,1,1,1,139,1),(4700,11,2,1,1,1,1,140,1),(4701,11,2,1,1,1,1,141,1),(4702,11,2,1,1,1,1,142,1),(4703,11,2,1,1,1,1,143,1),(4704,11,2,1,1,1,1,144,1),(4705,11,2,1,1,1,1,145,1),(4706,11,2,1,1,1,1,146,1),(4707,11,2,1,1,1,1,147,1),(4708,11,2,1,1,1,1,148,1),(4709,11,2,1,1,1,1,149,1),(4710,11,2,1,1,1,1,150,1),(4711,11,2,1,1,1,1,151,1),(4712,11,2,1,1,1,1,152,1),(4713,11,2,1,1,1,1,153,1),(4714,11,2,1,1,1,1,154,1),(4715,11,2,1,1,1,1,155,1),(4716,11,2,1,1,1,1,156,1),(4717,11,2,1,1,1,1,157,1),(4718,11,2,1,1,1,1,158,1),(4719,11,2,1,1,1,1,159,1),(4720,11,2,1,1,1,1,160,1),(4721,11,2,1,1,1,1,161,1),(4722,11,2,1,1,1,1,162,1),(4723,11,2,1,1,1,1,163,1),(4724,11,2,1,1,1,1,164,1),(4725,11,2,1,1,1,1,165,1),(4726,11,2,1,1,1,1,166,1),(4727,11,2,1,1,1,1,167,1),(4728,11,2,1,1,1,1,168,1),(4729,11,2,1,1,1,1,169,1),(4730,11,2,1,1,1,1,170,1),(4731,11,2,1,1,1,1,171,1),(4732,11,3,1,1,1,1,172,1),(4733,11,3,1,1,1,1,173,1),(4734,11,3,1,1,1,1,174,1),(4735,11,3,1,1,1,1,175,1),(4736,11,3,1,1,1,1,176,1),(4737,11,3,1,1,1,1,177,1),(4738,11,3,1,1,1,1,178,1),(4739,11,3,1,1,1,1,179,1),(4740,11,3,1,1,1,1,180,1),(4741,11,3,1,1,1,1,181,1),(4742,11,3,1,1,1,1,182,1),(4743,11,3,1,1,1,1,183,1),(4744,11,3,1,1,1,1,184,1),(4745,11,3,1,1,1,1,185,1),(4746,11,3,1,1,1,1,186,1),(4747,11,3,1,1,1,1,187,1),(4748,11,3,1,1,1,1,188,1),(4749,11,3,1,1,1,1,189,1),(4750,12,1,1,0,1,1,100,1),(4751,12,1,1,0,1,1,101,1),(4752,12,1,1,0,1,1,102,1),(4753,12,1,1,0,1,1,103,1),(4754,12,1,1,0,1,1,104,1),(4755,12,1,1,0,1,1,105,1),(4756,12,1,1,0,1,1,106,1),(4757,12,1,1,0,1,1,107,1),(4758,12,1,1,0,1,1,108,1),(4759,12,1,1,0,1,1,109,1),(4760,12,1,1,0,1,1,110,1),(4761,12,1,1,0,1,1,111,1),(4762,12,1,1,0,1,1,112,1),(4763,12,1,1,0,1,1,113,1),(4764,12,1,1,0,1,1,114,1),(4765,12,1,1,0,1,1,115,1),(4766,12,1,1,0,1,1,116,1),(4767,12,1,1,0,1,1,117,1),(4768,12,1,1,0,1,1,118,1),(4769,12,1,1,0,1,1,119,1),(4770,12,1,1,0,1,1,120,1),(4771,12,1,1,0,1,1,121,1),(4772,12,1,1,0,1,1,122,1),(4773,12,1,1,0,1,1,123,1),(4774,12,1,1,0,1,1,124,1),(4775,12,1,1,0,1,1,125,1),(4776,12,1,1,0,1,1,126,1),(4777,12,1,1,0,1,1,127,1),(4778,12,1,1,0,1,1,128,1),(4779,12,1,1,0,1,1,129,1),(4780,12,1,1,0,1,1,130,1),(4781,12,1,1,0,1,1,131,1),(4782,12,1,1,0,1,1,132,1),(4783,12,2,1,1,1,1,133,1),(4784,12,2,1,1,1,1,134,1),(4785,12,2,1,1,1,1,135,1),(4786,12,2,1,1,1,1,136,1),(4787,12,2,1,1,1,1,137,1),(4788,12,2,1,1,1,1,138,1),(4789,12,2,1,1,1,1,139,1),(4790,12,2,1,1,1,1,140,1),(4791,12,2,1,1,1,1,141,1),(4792,12,2,1,1,1,1,142,1),(4793,12,2,1,1,1,1,143,1),(4794,12,2,1,1,1,1,144,1),(4795,12,2,1,1,1,1,145,1),(4796,12,2,1,1,1,1,146,1),(4797,12,2,1,1,1,1,147,1),(4798,12,2,1,1,1,1,148,1),(4799,12,2,1,1,1,1,149,1),(4800,12,2,1,1,1,1,150,1),(4801,12,2,1,1,1,1,151,1),(4802,12,2,1,1,1,1,152,1),(4803,12,2,1,1,1,1,153,1),(4804,12,2,1,1,1,1,154,1),(4805,12,2,1,1,1,1,155,1),(4806,12,2,1,1,1,1,156,1),(4807,12,2,1,1,1,1,157,1),(4808,12,2,1,1,1,1,158,1),(4809,12,2,1,1,1,1,159,1),(4810,12,2,1,1,1,1,160,1),(4811,12,2,1,1,1,1,161,1),(4812,12,2,1,1,1,1,162,1),(4813,12,2,1,1,1,1,163,1),(4814,12,2,1,1,1,1,164,1),(4815,12,2,1,1,1,1,165,1),(4816,12,2,1,1,1,1,166,1),(4817,12,2,1,1,1,1,167,1),(4818,12,2,1,1,1,1,168,1),(4819,12,2,1,1,1,1,169,1),(4820,12,2,1,1,1,1,170,1),(4821,12,2,1,1,1,1,171,1),(4822,12,2,1,1,1,1,172,1),(4823,12,2,1,1,1,1,173,1),(4824,12,2,1,1,1,1,174,1),(4825,12,2,1,1,1,1,175,1),(4826,12,2,1,1,1,1,176,1),(4827,12,2,1,1,1,1,177,1),(4828,12,2,1,1,1,1,178,1),(4829,12,2,1,1,1,1,179,1),(4830,12,2,1,1,1,1,180,1),(4831,12,2,1,1,1,1,181,1),(4832,12,2,1,1,1,1,182,1),(4833,12,2,1,1,1,1,183,1),(4834,12,2,1,1,1,1,184,1),(4835,12,2,1,1,1,1,185,1),(4836,12,2,1,1,1,1,186,1),(4837,12,2,1,1,1,1,187,1),(4838,12,3,1,1,1,1,188,1),(4839,12,3,1,1,1,1,189,1),(4840,12,3,1,1,1,1,190,1),(4841,12,3,1,1,1,1,191,1),(4842,12,3,1,1,1,1,192,1),(4843,12,3,1,1,1,1,193,1),(4844,12,3,1,1,1,1,194,1),(4845,12,3,1,1,1,1,195,1),(4846,12,3,1,1,1,1,196,1),(4847,12,3,1,1,1,1,197,1),(4848,12,3,1,1,1,1,198,1),(4849,12,3,1,1,1,1,199,1),(4850,12,3,1,1,1,1,200,1),(4851,12,3,1,1,1,1,201,1),(4852,12,3,1,1,1,1,202,1),(4853,12,3,1,1,1,1,203,1),(4854,12,3,1,1,1,1,204,1),(4855,12,3,1,1,1,1,205,1),(4856,12,3,1,1,1,1,206,1),(4857,12,3,1,1,1,1,207,1),(4858,12,3,1,1,1,1,208,1),(4859,12,3,1,1,1,1,209,1),(4860,13,1,1,0,1,1,100,0),(4861,13,1,1,0,1,1,101,1),(4862,13,1,1,0,1,1,102,1),(4863,13,1,1,0,1,1,103,1),(4864,13,1,1,0,1,1,104,1),(4865,13,1,1,0,1,1,105,1),(4866,13,1,1,0,1,1,106,1),(4867,13,1,1,0,1,1,107,1),(4868,13,1,1,0,1,1,108,1),(4869,13,1,1,0,1,1,109,1),(4870,13,1,1,0,1,1,110,1),(4871,13,1,1,0,1,1,111,1),(4872,13,1,1,0,1,1,112,1),(4873,13,1,1,0,1,1,113,1),(4874,13,1,1,0,1,1,114,1),(4875,13,1,1,0,1,1,115,1),(4876,13,1,1,0,1,1,116,1),(4877,13,1,1,0,1,1,117,1),(4878,13,1,1,0,1,1,118,1),(4879,13,1,1,0,1,1,119,1),(4880,13,1,1,0,1,1,120,1),(4881,13,1,1,0,1,1,121,1),(4882,13,1,1,0,1,1,122,1),(4883,13,1,1,0,1,1,123,1),(4884,13,1,1,0,1,1,124,1),(4885,13,1,1,0,1,1,125,1),(4886,13,1,1,0,1,1,126,1),(4887,13,2,1,1,1,1,127,1),(4888,13,2,1,1,1,1,128,1),(4889,13,2,1,1,1,1,129,1),(4890,13,2,1,1,1,1,130,1),(4891,13,2,1,1,1,1,131,1),(4892,13,2,1,1,1,1,132,1),(4893,13,2,1,1,1,1,133,1),(4894,13,2,1,1,1,1,134,1),(4895,13,2,1,1,1,1,135,1),(4896,13,2,1,1,1,1,136,1),(4897,13,2,1,1,1,1,137,1),(4898,13,2,1,1,1,1,138,1),(4899,13,2,1,1,1,1,139,1),(4900,13,2,1,1,1,1,140,1),(4901,13,2,1,1,1,1,141,1),(4902,13,2,1,1,1,1,142,1),(4903,13,2,1,1,1,1,143,1),(4904,13,2,1,1,1,1,144,1),(4905,13,2,1,1,1,1,145,1),(4906,13,2,1,1,1,1,146,1),(4907,13,2,1,1,1,1,147,1),(4908,13,2,1,1,1,1,148,1),(4909,13,2,1,1,1,1,149,1),(4910,13,2,1,1,1,1,150,1),(4911,13,2,1,1,1,1,151,1),(4912,13,2,1,1,1,1,152,1),(4913,13,2,1,1,1,1,153,1),(4914,13,2,1,1,1,1,154,1),(4915,13,2,1,1,1,1,155,1),(4916,13,2,1,1,1,1,156,1),(4917,13,2,1,1,1,1,157,1),(4918,13,2,1,1,1,1,158,1),(4919,13,2,1,1,1,1,159,1),(4920,13,2,1,1,1,1,160,1),(4921,13,2,1,1,1,1,161,1),(4922,13,2,1,1,1,1,162,1),(4923,13,2,1,1,1,1,163,1),(4924,13,2,1,1,1,1,164,1),(4925,13,2,1,1,1,1,165,1),(4926,13,2,1,1,1,1,166,1),(4927,13,2,1,1,1,1,167,1),(4928,13,2,1,1,1,1,168,1),(4929,13,2,1,1,1,1,169,1),(4930,13,2,1,1,1,1,170,1),(4931,13,2,1,1,1,1,171,1),(4932,13,3,1,1,1,1,172,1),(4933,13,3,1,1,1,1,173,1),(4934,13,3,1,1,1,1,174,1),(4935,13,3,1,1,1,1,175,1),(4936,13,3,1,1,1,1,176,1),(4937,13,3,1,1,1,1,177,1),(4938,13,3,1,1,1,1,178,1),(4939,13,3,1,1,1,1,179,1),(4940,13,3,1,1,1,1,180,1),(4941,13,3,1,1,1,1,181,1),(4942,13,3,1,1,1,1,182,1),(4943,13,3,1,1,1,1,183,1),(4944,13,3,1,1,1,1,184,1),(4945,13,3,1,1,1,1,185,1),(4946,13,3,1,1,1,1,186,1),(4947,13,3,1,1,1,1,187,1),(4948,13,3,1,1,1,1,188,1),(4949,13,3,1,1,1,1,189,1),(4950,14,1,1,0,1,1,100,0),(4951,14,1,1,0,1,1,101,1),(4952,14,1,1,0,1,1,102,1),(4953,14,1,1,0,1,1,103,1),(4954,14,1,1,0,1,1,104,1),(4955,14,1,1,0,1,1,105,1),(4956,14,1,1,0,1,1,106,1),(4957,14,1,1,0,1,1,107,1),(4958,14,1,1,0,1,1,108,1),(4959,14,1,1,0,1,1,109,1),(4960,14,1,1,0,1,1,110,1),(4961,14,1,1,0,1,1,111,1),(4962,14,1,1,0,1,1,112,1),(4963,14,1,1,0,1,1,113,1),(4964,14,1,1,0,1,1,114,1),(4965,14,1,1,0,1,1,115,1),(4966,14,1,1,0,1,1,116,1),(4967,14,1,1,0,1,1,117,1),(4968,14,1,1,0,1,1,118,1),(4969,14,1,1,0,1,1,119,1),(4970,14,1,1,0,1,1,120,1),(4971,14,1,1,0,1,1,121,1),(4972,14,1,1,0,1,1,122,1),(4973,14,1,1,0,1,1,123,1),(4974,14,2,1,1,1,1,124,1),(4975,14,2,1,1,1,1,125,1),(4976,14,2,1,1,1,1,126,1),(4977,14,2,1,1,1,1,127,1),(4978,14,2,1,1,1,1,128,1),(4979,14,2,1,1,1,1,129,1),(4980,14,2,1,1,1,1,130,1),(4981,14,2,1,1,1,1,131,1),(4982,14,2,1,1,1,1,132,1),(4983,14,2,1,1,1,1,133,1),(4984,14,2,1,1,1,1,134,1),(4985,14,2,1,1,1,1,135,1),(4986,14,2,1,1,1,1,136,1),(4987,14,2,1,1,1,1,137,1),(4988,14,2,1,1,1,1,138,1),(4989,14,2,1,1,1,1,139,1),(4990,14,2,1,1,1,1,140,1),(4991,14,2,1,1,1,1,141,1),(4992,14,2,1,1,1,1,142,1),(4993,14,2,1,1,1,1,143,1),(4994,14,2,1,1,1,1,144,1),(4995,14,2,1,1,1,1,145,1),(4996,14,2,1,1,1,1,146,1),(4997,14,2,1,1,1,1,147,1),(4998,14,2,1,1,1,1,148,1),(4999,14,2,1,1,1,1,149,1),(5000,14,2,1,1,1,1,150,1),(5001,14,2,1,1,1,1,151,1),(5002,14,2,1,1,1,1,152,1),(5003,14,2,1,1,1,1,153,1),(5004,14,2,1,1,1,1,154,1),(5005,14,2,1,1,1,1,155,1),(5006,14,2,1,1,1,1,156,1),(5007,14,2,1,1,1,1,157,1),(5008,14,2,1,1,1,1,158,1),(5009,14,2,1,1,1,1,159,1),(5010,14,2,1,1,1,1,160,1),(5011,14,2,1,1,1,1,161,1),(5012,14,2,1,1,1,1,162,1),(5013,14,2,1,1,1,1,163,1),(5014,14,3,1,1,1,1,164,1),(5015,14,3,1,1,1,1,165,1),(5016,14,3,1,1,1,1,166,1),(5017,14,3,1,1,1,1,167,1),(5018,14,3,1,1,1,1,168,1),(5019,14,3,1,1,1,1,169,1),(5020,14,3,1,1,1,1,170,1),(5021,14,3,1,1,1,1,171,1),(5022,14,3,1,1,1,1,172,1),(5023,14,3,1,1,1,1,173,1),(5024,14,3,1,1,1,1,174,1),(5025,14,3,1,1,1,1,175,1),(5026,14,3,1,1,1,1,176,1),(5027,14,3,1,1,1,1,177,1),(5028,14,3,1,1,1,1,178,1),(5029,14,3,1,1,1,1,179,1),(5030,15,1,1,0,1,1,100,1),(5031,15,1,1,0,1,1,101,1),(5032,15,1,1,0,1,1,102,1),(5033,15,1,1,0,1,1,103,1),(5034,15,1,1,0,1,1,104,1),(5035,15,1,1,0,1,1,105,1),(5036,15,1,1,0,1,1,106,1),(5037,15,1,1,0,1,1,107,1),(5038,15,1,1,0,1,1,108,1),(5039,15,1,1,0,1,1,109,1),(5040,15,1,1,0,1,1,110,1),(5041,15,1,1,0,1,1,111,1),(5042,15,1,1,0,1,1,112,1),(5043,15,1,1,0,1,1,113,1),(5044,15,1,1,0,1,1,114,1),(5045,15,1,1,0,1,1,115,1),(5046,15,1,1,0,1,1,116,1),(5047,15,1,1,0,1,1,117,1),(5048,15,1,1,0,1,1,118,1),(5049,15,1,1,0,1,1,119,1),(5050,15,1,1,0,1,1,120,1),(5051,15,2,1,1,1,1,121,1),(5052,15,2,1,1,1,1,122,1),(5053,15,2,1,1,1,1,123,1),(5054,15,2,1,1,1,1,124,1),(5055,15,2,1,1,1,1,125,1),(5056,15,2,1,1,1,1,126,1),(5057,15,2,1,1,1,1,127,1),(5058,15,2,1,1,1,1,128,1),(5059,15,2,1,1,1,1,129,1),(5060,15,2,1,1,1,1,130,1),(5061,15,2,1,1,1,1,131,1),(5062,15,2,1,1,1,1,132,1),(5063,15,2,1,1,1,1,133,1),(5064,15,2,1,1,1,1,134,1),(5065,15,2,1,1,1,1,135,1),(5066,15,2,1,1,1,1,136,1),(5067,15,2,1,1,1,1,137,1),(5068,15,2,1,1,1,1,138,1),(5069,15,2,1,1,1,1,139,1),(5070,15,2,1,1,1,1,140,1),(5071,15,2,1,1,1,1,141,1),(5072,15,2,1,1,1,1,142,1),(5073,15,2,1,1,1,1,143,1),(5074,15,2,1,1,1,1,144,1),(5075,15,2,1,1,1,1,145,1),(5076,15,2,1,1,1,1,146,1),(5077,15,2,1,1,1,1,147,1),(5078,15,2,1,1,1,1,148,1),(5079,15,2,1,1,1,1,149,1),(5080,15,2,1,1,1,1,150,1),(5081,15,2,1,1,1,1,151,1),(5082,15,2,1,1,1,1,152,1),(5083,15,2,1,1,1,1,153,1),(5084,15,2,1,1,1,1,154,1),(5085,15,2,1,1,1,1,155,1),(5086,15,3,1,1,1,1,156,1),(5087,15,3,1,1,1,1,157,1),(5088,15,3,1,1,1,1,158,1),(5089,15,3,1,1,1,1,159,1),(5090,15,3,1,1,1,1,160,1),(5091,15,3,1,1,1,1,161,1),(5092,15,3,1,1,1,1,162,1),(5093,15,3,1,1,1,1,163,1),(5094,15,3,1,1,1,1,164,1),(5095,15,3,1,1,1,1,165,1),(5096,15,3,1,1,1,1,166,1),(5097,15,3,1,1,1,1,167,1),(5098,15,3,1,1,1,1,168,1),(5099,15,3,1,1,1,1,169,1),(5100,16,1,1,0,1,1,100,1),(5101,16,1,1,0,1,1,101,1),(5102,16,1,1,0,1,1,102,1),(5103,16,1,1,0,1,1,103,1),(5104,16,1,1,0,1,1,104,1),(5105,16,1,1,0,1,1,105,1),(5106,16,1,1,0,1,1,106,1),(5107,16,1,1,0,1,1,107,1),(5108,16,1,1,0,1,1,108,1),(5109,16,1,1,0,1,1,109,1),(5110,16,1,1,0,1,1,110,1),(5111,16,1,1,0,1,1,111,1),(5112,16,1,1,0,1,1,112,1),(5113,16,1,1,0,1,1,113,1),(5114,16,1,1,0,1,1,114,1),(5115,16,1,1,0,1,1,115,1),(5116,16,1,1,0,1,1,116,1),(5117,16,1,1,0,1,1,117,1),(5118,16,1,1,0,1,1,118,1),(5119,16,1,1,0,1,1,119,1),(5120,16,1,1,0,1,1,120,1),(5121,16,1,1,0,1,1,121,1),(5122,16,1,1,0,1,1,122,1),(5123,16,1,1,0,1,1,123,1),(5124,16,1,1,0,1,1,124,1),(5125,16,1,1,0,1,1,125,1),(5126,16,1,1,0,1,1,126,1),(5127,16,2,1,1,1,1,127,1),(5128,16,2,1,1,1,1,128,1),(5129,16,2,1,1,1,1,129,1),(5130,16,2,1,1,1,1,130,1),(5131,16,2,1,1,1,1,131,1),(5132,16,2,1,1,1,1,132,1),(5133,16,2,1,1,1,1,133,1),(5134,16,2,1,1,1,1,134,1),(5135,16,2,1,1,1,1,135,1),(5136,16,2,1,1,1,1,136,1),(5137,16,2,1,1,1,1,137,1),(5138,16,2,1,1,1,1,138,1),(5139,16,2,1,1,1,1,139,1),(5140,16,2,1,1,1,1,140,1),(5141,16,2,1,1,1,1,141,1),(5142,16,2,1,1,1,1,142,1),(5143,16,2,1,1,1,1,143,1),(5144,16,2,1,1,1,1,144,1),(5145,16,2,1,1,1,1,145,1),(5146,16,2,1,1,1,1,146,1),(5147,16,2,1,1,1,1,147,1),(5148,16,2,1,1,1,1,148,1),(5149,16,2,1,1,1,1,149,1),(5150,16,2,1,1,1,1,150,1),(5151,16,2,1,1,1,1,151,1),(5152,16,2,1,1,1,1,152,1),(5153,16,2,1,1,1,1,153,1),(5154,16,2,1,1,1,1,154,1),(5155,16,2,1,1,1,1,155,1),(5156,16,2,1,1,1,1,156,1),(5157,16,2,1,1,1,1,157,1),(5158,16,2,1,1,1,1,158,1),(5159,16,2,1,1,1,1,159,1),(5160,16,2,1,1,1,1,160,1),(5161,16,2,1,1,1,1,161,1),(5162,16,2,1,1,1,1,162,1),(5163,16,2,1,1,1,1,163,1),(5164,16,2,1,1,1,1,164,1),(5165,16,2,1,1,1,1,165,1),(5166,16,2,1,1,1,1,166,1),(5167,16,2,1,1,1,1,167,1),(5168,16,2,1,1,1,1,168,1),(5169,16,2,1,1,1,1,169,1),(5170,16,2,1,1,1,1,170,1),(5171,16,2,1,1,1,1,171,1),(5172,16,3,1,1,1,1,172,1),(5173,16,3,1,1,1,1,173,1),(5174,16,3,1,1,1,1,174,1),(5175,16,3,1,1,1,1,175,1),(5176,16,3,1,1,1,1,176,1),(5177,16,3,1,1,1,1,177,1),(5178,16,3,1,1,1,1,178,1),(5179,16,3,1,1,1,1,179,1),(5180,16,3,1,1,1,1,180,1),(5181,16,3,1,1,1,1,181,1),(5182,16,3,1,1,1,1,182,1),(5183,16,3,1,1,1,1,183,1),(5184,16,3,1,1,1,1,184,1),(5185,16,3,1,1,1,1,185,1),(5186,16,3,1,1,1,1,186,1),(5187,16,3,1,1,1,1,187,1),(5188,16,3,1,1,1,1,188,1),(5189,16,3,1,1,1,1,189,1),(5190,17,1,1,0,1,1,100,0),(5191,17,1,1,0,1,1,101,1),(5192,17,1,1,0,1,1,102,1),(5193,17,1,1,0,1,1,103,1),(5194,17,1,1,0,1,1,104,1),(5195,17,1,1,0,1,1,105,1),(5196,17,1,1,0,1,1,106,1),(5197,17,1,1,0,1,1,107,1),(5198,17,1,1,0,1,1,108,1),(5199,17,1,1,0,1,1,109,1),(5200,17,1,1,0,1,1,110,1),(5201,17,1,1,0,1,1,111,1),(5202,17,1,1,0,1,1,112,1),(5203,17,1,1,0,1,1,113,1),(5204,17,1,1,0,1,1,114,1),(5205,17,1,1,0,1,1,115,1),(5206,17,1,1,0,1,1,116,1),(5207,17,1,1,0,1,1,117,1),(5208,17,1,1,0,1,1,118,1),(5209,17,1,1,0,1,1,119,1),(5210,17,1,1,0,1,1,120,1),(5211,17,1,1,0,1,1,121,1),(5212,17,1,1,0,1,1,122,1),(5213,17,1,1,0,1,1,123,1),(5214,17,1,1,0,1,1,124,1),(5215,17,1,1,0,1,1,125,1),(5216,17,1,1,0,1,1,126,1),(5217,17,1,1,0,1,1,127,1),(5218,17,1,1,0,1,1,128,1),(5219,17,1,1,0,1,1,129,1),(5220,17,2,1,1,1,1,130,1),(5221,17,2,1,1,1,1,131,1),(5222,17,2,1,1,1,1,132,1),(5223,17,2,1,1,1,1,133,1),(5224,17,2,1,1,1,1,134,1),(5225,17,2,1,1,1,1,135,1),(5226,17,2,1,1,1,1,136,1),(5227,17,2,1,1,1,1,137,1),(5228,17,2,1,1,1,1,138,1),(5229,17,2,1,1,1,1,139,1),(5230,17,2,1,1,1,1,140,1),(5231,17,2,1,1,1,1,141,1),(5232,17,2,1,1,1,1,142,1),(5233,17,2,1,1,1,1,143,1),(5234,17,2,1,1,1,1,144,1),(5235,17,2,1,1,1,1,145,1),(5236,17,2,1,1,1,1,146,1),(5237,17,2,1,1,1,1,147,1),(5238,17,2,1,1,1,1,148,1),(5239,17,2,1,1,1,1,149,1),(5240,17,2,1,1,1,1,150,1),(5241,17,2,1,1,1,1,151,1),(5242,17,2,1,1,1,1,152,1),(5243,17,2,1,1,1,1,153,1),(5244,17,2,1,1,1,1,154,1),(5245,17,2,1,1,1,1,155,1),(5246,17,2,1,1,1,1,156,1),(5247,17,2,1,1,1,1,157,1),(5248,17,2,1,1,1,1,158,1),(5249,17,2,1,1,1,1,159,1),(5250,17,2,1,1,1,1,160,1),(5251,17,2,1,1,1,1,161,1),(5252,17,2,1,1,1,1,162,1),(5253,17,2,1,1,1,1,163,1),(5254,17,2,1,1,1,1,164,1),(5255,17,2,1,1,1,1,165,1),(5256,17,2,1,1,1,1,166,1),(5257,17,2,1,1,1,1,167,1),(5258,17,2,1,1,1,1,168,1),(5259,17,2,1,1,1,1,169,1),(5260,17,2,1,1,1,1,170,1),(5261,17,2,1,1,1,1,171,1),(5262,17,2,1,1,1,1,172,1),(5263,17,2,1,1,1,1,173,1),(5264,17,2,1,1,1,1,174,1),(5265,17,2,1,1,1,1,175,1),(5266,17,2,1,1,1,1,176,1),(5267,17,2,1,1,1,1,177,1),(5268,17,2,1,1,1,1,178,1),(5269,17,2,1,1,1,1,179,1),(5270,17,3,1,1,1,1,180,1),(5271,17,3,1,1,1,1,181,1),(5272,17,3,1,1,1,1,182,1),(5273,17,3,1,1,1,1,183,1),(5274,17,3,1,1,1,1,184,1),(5275,17,3,1,1,1,1,185,1),(5276,17,3,1,1,1,1,186,1),(5277,17,3,1,1,1,1,187,1),(5278,17,3,1,1,1,1,188,1),(5279,17,3,1,1,1,1,189,1),(5280,17,3,1,1,1,1,190,1),(5281,17,3,1,1,1,1,191,1),(5282,17,3,1,1,1,1,192,1),(5283,17,3,1,1,1,1,193,1),(5284,17,3,1,1,1,1,194,1),(5285,17,3,1,1,1,1,195,1),(5286,17,3,1,1,1,1,196,1),(5287,17,3,1,1,1,1,197,1),(5288,17,3,1,1,1,1,198,1),(5289,17,3,1,1,1,1,199,1),(5290,18,1,1,1,1,1,100,1),(5291,18,1,1,1,1,1,101,1),(5292,18,1,1,0,1,1,102,1),(5293,18,1,1,1,1,1,103,1),(5294,18,1,1,0,1,1,104,1),(5295,18,1,1,1,1,1,105,1),(5296,18,1,1,1,1,1,106,1),(5297,18,1,1,1,0,1,107,1),(5298,18,1,1,1,1,1,108,1),(5299,18,1,1,1,1,1,109,1),(5300,18,1,1,1,0,1,110,1),(5301,18,1,1,0,1,1,111,1),(5302,18,1,1,1,0,1,112,1),(5303,18,1,1,1,1,1,113,1),(5304,18,1,1,1,1,1,114,1),(5305,18,1,1,1,1,1,115,1),(5306,18,1,1,1,0,1,116,1),(5307,18,1,1,0,1,1,117,1),(5308,18,1,1,1,0,1,118,1),(5309,18,1,1,1,1,1,119,1),(5310,18,1,1,1,0,1,120,1),(5311,18,1,1,1,1,1,121,1),(5312,18,1,1,1,1,1,122,1),(5313,18,1,1,0,1,1,123,1),(5314,18,1,1,1,1,1,124,1),(5315,18,1,1,1,1,1,125,1),(5316,18,1,1,1,1,1,126,1),(5317,18,1,1,1,1,1,127,1),(5318,18,1,1,1,1,1,128,1),(5319,18,1,1,1,1,1,129,1),(5320,18,1,1,1,1,1,130,1),(5321,18,1,1,0,1,1,131,1),(5322,18,1,1,1,1,1,132,1),(5323,18,1,1,1,1,1,133,1),(5324,18,1,1,1,1,1,134,1),(5325,18,1,1,1,1,1,135,1),(5326,18,1,1,0,1,1,136,1),(5327,18,1,1,1,0,1,137,1),(5328,18,1,1,1,0,1,138,1),(5329,18,1,1,1,0,1,139,1),(5330,18,1,1,1,1,1,140,1),(5331,18,1,1,1,1,1,141,1),(5332,18,1,1,1,1,1,142,1),(5333,18,1,1,1,1,1,143,1),(5334,18,1,1,1,1,1,144,1),(5335,18,1,1,1,1,1,145,1),(5336,18,1,1,1,1,1,146,1),(5337,18,1,1,1,1,1,147,1),(5338,18,1,1,1,1,1,148,1),(5339,18,1,1,0,0,1,149,1),(5340,18,1,1,1,1,1,150,1),(5341,18,1,1,1,0,1,151,1),(5342,18,1,1,1,1,1,152,1),(5343,18,1,1,1,1,1,153,1),(5344,18,1,1,0,1,1,154,1),(5345,18,1,1,0,1,1,155,1),(5346,18,1,1,1,1,1,156,1),(5347,18,1,1,1,1,1,157,1),(5348,18,1,1,1,0,1,158,1),(5349,18,1,1,1,1,1,159,1),(5350,18,2,1,1,1,1,160,1),(5351,18,2,1,1,1,1,161,1),(5352,18,2,1,0,1,1,162,1),(5353,18,2,1,1,1,1,163,1),(5354,18,2,1,1,1,1,164,1),(5355,18,2,1,1,1,1,165,1),(5356,18,2,1,1,1,1,166,1),(5357,18,2,1,0,1,1,167,1),(5358,18,2,1,1,1,1,168,1),(5359,18,2,1,0,1,1,169,1),(5360,18,2,1,0,1,1,170,1),(5361,18,2,1,1,0,1,171,1),(5362,18,2,1,1,1,1,172,1),(5363,18,2,1,1,1,1,173,1),(5364,18,2,1,1,1,1,174,1),(5365,18,2,1,0,1,1,175,1),(5366,18,2,1,1,0,1,176,1),(5367,18,2,1,1,0,1,177,1),(5368,18,2,1,1,1,1,178,1),(5369,18,2,1,1,1,1,179,1),(5370,18,2,1,1,1,1,180,1),(5371,18,2,1,1,1,1,181,1),(5372,18,2,1,0,1,1,182,1),(5373,18,2,1,1,1,1,183,1),(5374,18,2,1,1,1,1,184,1),(5375,18,2,1,1,1,1,185,1),(5376,18,2,1,1,1,1,186,1),(5377,18,2,1,1,1,1,187,1),(5378,18,2,1,1,1,1,188,1),(5379,18,2,1,1,0,1,189,1),(5380,18,2,1,0,1,1,190,1),(5381,18,2,1,0,1,1,191,1),(5382,18,2,1,1,1,1,192,1),(5383,18,2,1,0,1,1,193,1),(5384,18,2,1,1,1,1,194,1),(5385,18,2,1,0,0,1,195,1),(5386,18,2,1,1,1,1,196,1),(5387,18,2,1,1,1,1,197,1),(5388,18,2,1,0,0,1,198,1),(5389,18,2,1,1,1,1,199,1),(5390,18,2,1,1,0,1,200,1),(5391,18,2,1,1,1,1,201,1),(5392,18,2,1,1,1,1,202,1),(5393,18,2,1,1,1,1,203,1),(5394,18,2,1,0,1,1,204,1),(5395,18,2,1,0,1,1,205,1),(5396,18,2,1,1,1,1,206,1),(5397,18,2,1,1,1,1,207,1),(5398,18,2,1,1,0,1,208,1),(5399,18,2,1,1,1,1,209,1),(5400,18,2,1,1,1,1,210,1),(5401,18,2,1,1,1,1,211,1),(5402,18,2,1,1,1,1,212,1),(5403,18,2,1,1,1,1,213,1),(5404,18,2,1,1,1,1,214,1),(5405,18,2,1,1,1,1,215,1),(5406,18,2,1,1,1,1,216,1),(5407,18,2,1,1,1,1,217,1),(5408,18,2,1,1,0,1,218,1),(5409,18,2,1,1,1,1,219,1),(5410,18,2,1,1,1,1,220,1),(5411,18,2,1,1,1,1,221,1),(5412,18,2,1,1,1,1,222,1),(5413,18,2,1,1,1,1,223,1),(5414,18,2,1,1,1,1,224,1),(5415,18,2,1,0,0,1,225,1),(5416,18,2,1,1,1,1,226,1),(5417,18,2,1,0,1,1,227,1),(5418,18,2,1,1,1,1,228,1),(5419,18,2,1,0,0,1,229,1),(5420,18,2,1,1,1,1,230,1),(5421,18,2,1,1,1,1,231,1),(5422,18,2,1,1,1,1,232,1),(5423,18,2,1,1,1,1,233,1),(5424,18,2,1,1,1,1,234,1),(5425,18,2,1,1,1,1,235,1),(5426,18,2,1,1,1,1,236,1),(5427,18,2,1,0,0,1,237,1),(5428,18,2,1,0,1,1,238,1),(5429,18,2,1,1,0,1,239,1),(5430,18,2,1,1,1,1,240,1),(5431,18,2,1,1,1,1,241,1),(5432,18,2,1,0,1,1,242,1),(5433,18,2,1,1,0,1,243,1),(5434,18,2,1,1,0,1,244,1),(5435,18,2,1,1,1,1,245,1),(5436,18,2,1,1,1,1,246,1),(5437,18,2,1,0,1,1,247,1),(5438,18,2,1,0,1,1,248,1),(5439,18,2,1,1,1,1,249,1),(5440,18,2,1,1,1,1,250,1),(5441,18,2,1,1,0,1,251,1),(5442,18,2,1,1,0,1,252,1),(5443,18,2,1,1,1,1,253,1),(5444,18,2,1,1,1,1,254,1),(5445,18,2,1,0,1,1,255,1),(5446,18,2,1,1,1,1,256,1),(5447,18,2,1,1,1,1,257,1),(5448,18,2,1,1,1,1,258,1),(5449,18,2,1,1,0,1,259,1),(5450,18,3,1,1,1,1,260,1),(5451,18,3,1,1,0,1,261,1),(5452,18,3,1,1,1,1,262,1),(5453,18,3,1,1,1,1,263,1),(5454,18,3,1,1,1,1,264,1),(5455,18,3,1,1,0,1,265,1),(5456,18,3,1,1,1,1,266,1),(5457,18,3,1,1,1,1,267,1),(5458,18,3,1,1,1,1,268,1),(5459,18,3,1,1,1,1,269,1),(5460,18,3,1,1,1,1,270,1),(5461,18,3,1,1,1,1,271,1),(5462,18,3,1,1,1,1,272,1),(5463,18,3,1,0,1,1,273,1),(5464,18,3,1,1,0,1,274,1),(5465,18,3,1,1,1,1,275,1),(5466,18,3,1,1,1,1,276,1),(5467,18,3,1,1,1,1,277,1),(5468,18,3,1,1,0,1,278,1),(5469,18,3,1,1,0,1,279,1),(5470,18,3,1,0,0,1,280,1),(5471,18,3,1,1,1,1,281,1),(5472,18,3,1,1,1,1,282,1),(5473,18,3,1,1,1,1,283,1),(5474,18,3,1,1,0,1,284,1),(5475,18,3,1,1,1,1,285,1),(5476,18,3,1,0,1,1,286,1),(5477,18,3,1,0,1,1,287,1),(5478,18,3,1,1,0,1,288,1),(5479,18,3,1,1,1,1,289,1),(5480,18,3,1,1,1,1,290,1),(5481,18,3,1,1,0,1,291,1),(5482,18,3,1,1,1,1,292,1),(5483,18,3,1,1,1,1,293,1),(5484,18,3,1,1,1,1,294,1),(5485,18,3,1,1,0,1,295,1),(5486,18,3,1,1,1,1,296,1),(5487,18,3,1,1,1,1,297,1),(5488,18,3,1,1,1,1,298,1),(5489,18,3,1,1,1,1,299,1),(5490,19,1,1,1,1,1,100,1),(5491,19,1,1,0,0,1,101,1),(5492,19,1,1,1,1,1,102,1),(5493,19,1,1,0,1,1,103,1),(5494,19,1,1,1,1,1,104,1),(5495,19,1,1,1,1,1,105,1),(5496,19,1,1,1,1,1,106,1),(5497,19,1,1,1,1,1,107,1),(5498,19,1,1,1,1,1,108,1),(5499,19,1,1,0,1,1,109,1),(5500,19,1,1,0,1,1,110,1),(5501,19,1,1,1,1,1,111,1),(5502,19,1,1,1,1,1,112,1),(5503,19,1,1,1,0,1,113,1),(5504,19,1,1,0,1,1,114,1),(5505,19,1,1,0,1,1,115,1),(5506,19,1,1,1,1,1,116,1),(5507,19,1,1,1,1,1,117,1),(5508,19,1,1,1,1,1,118,1),(5509,19,1,1,1,1,1,119,1),(5510,19,1,1,1,0,1,120,1),(5511,19,1,1,1,0,1,121,1),(5512,19,1,1,1,1,1,122,1),(5513,19,1,1,1,0,1,123,1),(5514,19,1,1,1,1,1,124,1),(5515,19,1,1,1,1,1,125,1),(5516,19,1,1,1,1,1,126,1),(5517,19,1,1,1,1,1,127,1),(5518,19,1,1,1,0,1,128,1),(5519,19,1,1,1,1,1,129,1),(5520,19,1,1,1,1,1,130,1),(5521,19,1,1,1,0,1,131,1),(5522,19,1,1,1,0,1,132,1),(5523,19,1,1,1,1,1,133,1),(5524,19,1,1,1,1,1,134,1),(5525,19,1,1,1,1,1,135,1),(5526,19,1,1,1,1,1,136,1),(5527,19,1,1,1,1,1,137,1),(5528,19,1,1,1,1,1,138,1),(5529,19,1,1,1,1,1,139,1),(5530,19,1,1,0,1,1,140,1),(5531,19,1,1,1,1,1,141,1),(5532,19,1,1,1,0,1,142,1),(5533,19,1,1,1,0,1,143,1),(5534,19,1,1,1,1,1,144,1),(5535,19,1,1,1,1,1,145,1),(5536,19,1,1,0,1,1,146,1),(5537,19,1,1,1,1,1,147,1),(5538,19,1,1,1,1,1,148,1),(5539,19,1,1,1,1,1,149,1),(5540,19,1,1,1,1,1,150,1),(5541,19,1,1,1,1,1,151,1),(5542,19,1,1,1,1,1,152,1),(5543,19,1,1,1,1,1,153,1),(5544,19,1,1,1,1,1,154,1),(5545,19,1,1,1,1,1,155,1),(5546,19,1,1,1,1,1,156,1),(5547,19,1,1,0,1,1,157,1),(5548,19,1,1,0,1,1,158,1),(5549,19,1,1,1,1,1,159,1),(5550,19,1,1,1,0,1,160,1),(5551,19,1,1,1,1,1,161,1),(5552,19,1,1,1,1,1,162,1),(5553,19,1,1,1,1,1,163,1),(5554,19,1,1,1,1,1,164,1),(5555,19,1,1,1,1,1,165,1),(5556,19,2,1,1,0,1,166,1),(5557,19,2,1,1,1,1,167,1),(5558,19,2,1,1,1,1,168,1),(5559,19,2,1,1,1,1,169,1),(5560,19,2,1,1,0,1,170,1),(5561,19,2,1,1,1,1,171,1),(5562,19,2,1,0,0,1,172,1),(5563,19,2,1,1,1,1,173,1),(5564,19,2,1,1,1,1,174,1),(5565,19,2,1,1,0,1,175,1),(5566,19,2,1,1,1,1,176,1),(5567,19,2,1,1,0,1,177,1),(5568,19,2,1,1,1,1,178,1),(5569,19,2,1,1,1,1,179,1),(5570,19,2,1,1,1,1,180,1),(5571,19,2,1,1,1,1,181,1),(5572,19,2,1,1,1,1,182,1),(5573,19,2,1,0,1,1,183,1),(5574,19,2,1,1,0,1,184,1),(5575,19,2,1,0,1,1,185,1),(5576,19,2,1,1,1,1,186,1),(5577,19,2,1,1,1,1,187,1),(5578,19,2,1,1,1,1,188,1),(5579,19,2,1,1,1,1,189,1),(5580,19,2,1,0,1,1,190,1),(5581,19,2,1,1,1,1,191,1),(5582,19,2,1,1,1,1,192,1),(5583,19,2,1,1,1,1,193,1),(5584,19,2,1,1,1,1,194,1),(5585,19,2,1,1,1,1,195,1),(5586,19,2,1,1,1,1,196,1),(5587,19,2,1,1,1,1,197,1),(5588,19,2,1,1,1,1,198,1),(5589,19,2,1,1,1,1,199,1),(5590,19,2,1,0,1,1,200,1),(5591,19,2,1,1,1,1,201,1),(5592,19,2,1,1,1,1,202,1),(5593,19,2,1,0,1,1,203,1),(5594,19,2,1,1,1,1,204,1),(5595,19,2,1,1,1,1,205,1),(5596,19,2,1,1,1,1,206,1),(5597,19,2,1,0,1,1,207,1),(5598,19,2,1,1,1,1,208,1),(5599,19,2,1,1,1,1,209,1),(5600,19,2,1,0,1,1,210,1),(5601,19,2,1,0,1,1,211,1),(5602,19,2,1,1,1,1,212,1),(5603,19,2,1,1,1,1,213,1),(5604,19,2,1,0,1,1,214,1),(5605,19,2,1,1,1,1,215,1),(5606,19,2,1,1,1,1,216,1),(5607,19,2,1,1,1,1,217,1),(5608,19,2,1,1,1,1,218,1),(5609,19,2,1,1,1,1,219,1),(5610,19,2,1,0,1,1,220,1),(5611,19,2,1,1,1,1,221,1),(5612,19,2,1,1,1,1,222,1),(5613,19,2,1,0,1,1,223,1),(5614,19,2,1,1,1,1,224,1),(5615,19,2,1,0,1,1,225,1),(5616,19,2,1,1,0,1,226,1),(5617,19,2,1,1,1,1,227,1),(5618,19,2,1,1,1,1,228,1),(5619,19,2,1,1,1,1,229,1),(5620,19,2,1,1,0,1,230,1),(5621,19,2,1,0,1,1,231,1),(5622,19,2,1,1,0,1,232,1),(5623,19,2,1,1,1,1,233,1),(5624,19,2,1,1,1,1,234,1),(5625,19,2,1,1,0,1,235,1),(5626,19,2,1,1,1,1,236,1),(5627,19,2,1,1,0,1,237,1),(5628,19,2,1,1,1,1,238,1),(5629,19,2,1,1,1,1,239,1),(5630,19,2,1,0,1,1,240,1),(5631,19,2,1,1,1,1,241,1),(5632,19,2,1,1,0,1,242,1),(5633,19,2,1,1,1,1,243,1),(5634,19,2,1,0,0,1,244,1),(5635,19,2,1,1,1,1,245,1),(5636,19,2,1,1,1,1,246,1),(5637,19,2,1,1,1,1,247,1),(5638,19,2,1,1,1,1,248,1),(5639,19,2,1,1,0,1,249,1),(5640,19,2,1,1,1,1,250,1),(5641,19,2,1,1,1,1,251,1),(5642,19,2,1,1,1,1,252,1),(5643,19,2,1,1,1,1,253,1),(5644,19,2,1,1,1,1,254,1),(5645,19,2,1,1,1,1,255,1),(5646,19,2,1,0,1,1,256,1),(5647,19,2,1,1,1,1,257,1),(5648,19,2,1,0,1,1,258,1),(5649,19,2,1,1,1,1,259,1),(5650,19,2,1,1,0,1,260,1),(5651,19,2,1,1,1,1,261,1),(5652,19,2,1,0,0,1,262,1),(5653,19,2,1,1,1,1,263,1),(5654,19,2,1,1,1,1,264,1),(5655,19,2,1,1,1,1,265,1),(5656,19,2,1,1,1,1,266,1),(5657,19,2,1,1,1,1,267,1),(5658,19,2,1,0,1,1,268,1),(5659,19,2,1,1,0,1,269,1),(5660,19,2,1,0,1,1,270,1),(5661,19,2,1,1,0,1,271,1),(5662,19,2,1,0,0,1,272,1),(5663,19,2,1,1,1,1,273,1),(5664,19,2,1,1,1,1,274,1),(5665,19,2,1,0,1,1,275,1),(5666,19,3,1,1,1,1,276,1),(5667,19,3,1,1,1,1,277,1),(5668,19,3,1,1,1,1,278,1),(5669,19,3,1,1,1,1,279,1),(5670,19,3,1,1,1,1,280,1),(5671,19,3,1,1,1,1,281,1),(5672,19,3,1,1,1,1,282,1),(5673,19,3,1,1,1,1,283,1),(5674,19,3,1,0,1,1,284,1),(5675,19,3,1,1,1,1,285,1),(5676,19,3,1,1,1,1,286,1),(5677,19,3,1,1,1,1,287,1),(5678,19,3,1,1,0,1,288,1),(5679,19,3,1,1,1,1,289,1),(5680,19,3,1,1,0,1,290,1),(5681,19,3,1,1,1,1,291,1),(5682,19,3,1,1,1,1,292,1),(5683,19,3,1,1,0,1,293,1),(5684,19,3,1,0,0,1,294,1),(5685,19,3,1,1,1,1,295,1),(5686,19,3,1,0,0,1,296,1),(5687,19,3,1,1,0,1,297,1),(5688,19,3,1,0,1,1,298,1),(5689,19,3,1,1,1,1,299,1),(5690,19,3,1,1,1,1,300,1),(5691,19,3,1,1,1,1,301,1),(5692,19,3,1,1,1,1,302,1),(5693,19,3,1,1,0,1,303,1),(5694,19,3,1,1,0,1,304,1),(5695,19,3,1,1,0,1,305,1),(5696,19,3,1,1,1,1,306,1),(5697,19,3,1,1,1,1,307,1),(5698,19,3,1,1,1,1,308,1),(5699,19,3,1,0,1,1,309,1),(5700,19,3,1,1,1,1,310,1),(5701,19,3,1,1,1,1,311,1),(5702,19,3,1,1,1,1,312,1),(5703,19,3,1,0,1,1,313,1),(5704,19,3,1,1,0,1,314,1),(5705,19,3,1,1,1,1,315,1),(5706,19,3,1,1,1,1,316,1),(5707,19,3,1,0,1,1,317,1),(5708,19,3,1,1,1,1,318,1),(5709,19,3,1,1,1,1,319,1),(5710,20,1,1,1,0,1,100,1),(5711,20,1,1,1,1,1,101,1),(5712,20,1,1,1,1,1,102,1),(5713,20,1,1,1,0,1,103,1),(5714,20,1,1,1,1,1,104,1),(5715,20,1,1,1,1,1,105,1),(5716,20,1,1,1,1,1,106,1),(5717,20,1,1,1,1,1,107,1),(5718,20,1,1,1,1,1,108,1),(5719,20,1,1,1,1,1,109,1),(5720,20,1,1,1,1,1,110,1),(5721,20,1,1,1,1,1,111,1),(5722,20,1,1,1,1,1,112,1),(5723,20,1,1,1,1,1,113,1),(5724,20,1,1,0,0,1,114,1),(5725,20,1,1,0,1,1,115,1),(5726,20,1,1,1,1,1,116,1),(5727,20,1,1,1,1,1,117,1),(5728,20,1,1,1,1,1,118,1),(5729,20,1,1,1,1,1,119,1),(5730,20,1,1,0,0,1,120,1),(5731,20,1,1,1,1,1,121,1),(5732,20,1,1,1,1,1,122,1),(5733,20,1,1,1,0,1,123,1),(5734,20,1,1,1,1,1,124,1),(5735,20,1,1,1,1,1,125,1),(5736,20,1,1,0,1,1,126,1),(5737,20,1,1,1,1,1,127,1),(5738,20,1,1,0,1,1,128,1),(5739,20,1,1,1,1,1,129,1),(5740,20,1,1,1,1,1,130,1),(5741,20,1,1,1,0,1,131,1),(5742,20,1,1,0,1,1,132,1),(5743,20,1,1,1,1,1,133,1),(5744,20,1,1,1,1,1,134,1),(5745,20,1,1,1,1,1,135,1),(5746,20,1,1,1,1,1,136,1),(5747,20,1,1,1,0,1,137,1),(5748,20,1,1,1,1,1,138,1),(5749,20,1,1,0,1,1,139,1),(5750,20,1,1,1,1,1,140,1),(5751,20,1,1,1,1,1,141,1),(5752,20,1,1,1,1,1,142,1),(5753,20,1,1,0,1,1,143,1),(5754,20,1,1,1,1,1,144,1),(5755,20,1,1,0,1,1,145,1),(5756,20,1,1,0,1,1,146,1),(5757,20,1,1,1,1,1,147,1),(5758,20,1,1,1,1,1,148,1),(5759,20,1,1,1,0,1,149,1),(5760,20,1,1,1,0,1,150,1),(5761,20,1,1,1,1,1,151,1),(5762,20,1,1,1,1,1,152,1),(5763,20,1,1,1,1,1,153,1),(5764,20,2,1,1,1,1,154,1),(5765,20,2,1,1,1,1,155,1),(5766,20,2,1,1,1,1,156,1),(5767,20,2,1,1,1,1,157,1),(5768,20,2,1,1,1,1,158,1),(5769,20,2,1,1,1,1,159,1),(5770,20,2,1,1,1,1,160,1),(5771,20,2,1,1,1,1,161,1),(5772,20,2,1,0,1,1,162,1),(5773,20,2,1,1,1,1,163,1),(5774,20,2,1,1,1,1,164,1),(5775,20,2,1,1,1,1,165,1),(5776,20,2,1,1,1,1,166,1),(5777,20,2,1,1,1,1,167,1),(5778,20,2,1,1,1,1,168,1),(5779,20,2,1,1,1,1,169,1),(5780,20,2,1,1,1,1,170,1),(5781,20,2,1,1,1,1,171,1),(5782,20,2,1,0,1,1,172,1),(5783,20,2,1,0,0,1,173,1),(5784,20,2,1,0,1,1,174,1),(5785,20,2,1,0,1,1,175,1),(5786,20,2,1,0,1,1,176,1),(5787,20,2,1,1,1,1,177,1),(5788,20,2,1,1,1,1,178,1),(5789,20,2,1,1,1,1,179,1),(5790,20,2,1,1,1,1,180,1),(5791,20,2,1,1,1,1,181,1),(5792,20,2,1,1,0,1,182,1),(5793,20,2,1,1,1,1,183,1),(5794,20,2,1,1,1,1,184,1),(5795,20,2,1,0,0,1,185,1),(5796,20,2,1,1,1,1,186,1),(5797,20,2,1,1,1,1,187,1),(5798,20,2,1,1,1,1,188,1),(5799,20,2,1,1,1,1,189,1),(5800,20,2,1,1,0,1,190,1),(5801,20,2,1,1,1,1,191,1),(5802,20,2,1,0,1,1,192,1),(5803,20,2,1,1,1,1,193,1),(5804,20,2,1,1,1,1,194,1),(5805,20,2,1,1,0,1,195,1),(5806,20,2,1,1,1,1,196,1),(5807,20,2,1,0,1,1,197,1),(5808,20,2,1,1,1,1,198,1),(5809,20,2,1,1,0,1,199,1),(5810,20,2,1,1,1,1,200,1),(5811,20,2,1,1,1,1,201,1),(5812,20,2,1,0,1,1,202,1),(5813,20,2,1,1,1,1,203,1),(5814,20,2,1,1,1,1,204,1),(5815,20,2,1,1,1,1,205,1),(5816,20,2,1,1,0,1,206,1),(5817,20,2,1,1,1,1,207,1),(5818,20,2,1,1,1,1,208,1),(5819,20,2,1,1,1,1,209,1),(5820,20,2,1,1,1,1,210,1),(5821,20,2,1,1,0,1,211,1),(5822,20,2,1,1,1,1,212,1),(5823,20,2,1,1,0,1,213,1),(5824,20,2,1,0,0,1,214,1),(5825,20,2,1,1,0,1,215,1),(5826,20,2,1,1,1,1,216,1),(5827,20,2,1,1,1,1,217,1),(5828,20,2,1,1,0,1,218,1),(5829,20,2,1,0,1,1,219,1),(5830,20,2,1,1,1,1,220,1),(5831,20,2,1,1,1,1,221,1),(5832,20,2,1,0,0,1,222,1),(5833,20,2,1,1,0,1,223,1),(5834,20,2,1,1,1,1,224,1),(5835,20,2,1,1,1,1,225,1),(5836,20,2,1,1,1,1,226,1),(5837,20,2,1,1,1,1,227,1),(5838,20,2,1,1,1,1,228,1),(5839,20,2,1,1,1,1,229,1),(5840,20,2,1,1,0,1,230,1),(5841,20,2,1,1,1,1,231,1),(5842,20,2,1,1,1,1,232,1),(5843,20,2,1,1,1,1,233,1),(5844,20,2,1,1,1,1,234,1),(5845,20,2,1,1,0,1,235,1),(5846,20,2,1,0,1,1,236,1),(5847,20,2,1,1,1,1,237,1),(5848,20,2,1,0,1,1,238,1),(5849,20,2,1,1,1,1,239,1),(5850,20,2,1,1,0,1,240,1),(5851,20,2,1,1,1,1,241,1),(5852,20,2,1,1,1,1,242,1),(5853,20,2,1,1,1,1,243,1),(5854,20,3,1,1,1,1,244,1),(5855,20,3,1,1,1,1,245,1),(5856,20,3,1,1,1,1,246,1),(5857,20,3,1,1,0,1,247,1),(5858,20,3,1,1,0,1,248,1),(5859,20,3,1,1,1,1,249,1),(5860,20,3,1,1,0,1,250,1),(5861,20,3,1,1,0,1,251,1),(5862,20,3,1,0,0,1,252,1),(5863,20,3,1,0,1,1,253,1),(5864,20,3,1,1,1,1,254,1),(5865,20,3,1,1,1,1,255,1),(5866,20,3,1,1,1,1,256,1),(5867,20,3,1,1,1,1,257,1),(5868,20,3,1,1,0,1,258,1),(5869,20,3,1,0,1,1,259,1),(5870,20,3,1,1,1,1,260,1),(5871,20,3,1,1,1,1,261,1),(5872,20,3,1,0,1,1,262,1),(5873,20,3,1,1,1,1,263,1),(5874,20,3,1,0,1,1,264,1),(5875,20,3,1,1,1,1,265,1),(5876,20,3,1,1,1,1,266,1),(5877,20,3,1,1,1,1,267,1),(5878,20,3,1,1,1,1,268,1),(5879,20,3,1,1,1,1,269,1),(5880,20,3,1,1,1,1,270,1),(5881,20,3,1,1,1,1,271,1),(5882,20,3,1,1,1,1,272,1),(5883,20,3,1,1,0,1,273,1),(5884,20,3,1,1,1,1,274,1),(5885,20,3,1,1,1,1,275,1),(5886,20,3,1,1,1,1,276,1),(5887,20,3,1,0,1,1,277,1),(5888,20,3,1,1,1,1,278,1),(5889,20,3,1,1,0,1,279,1),(5890,21,1,1,1,1,1,100,1),(5891,21,1,1,1,1,1,101,1),(5892,21,1,1,1,1,1,102,1),(5893,21,1,1,1,1,1,103,1),(5894,21,1,1,1,1,1,104,1),(5895,21,1,1,1,1,1,105,1),(5896,21,1,1,0,1,1,106,1),(5897,21,1,1,1,1,1,107,1),(5898,21,1,1,1,1,1,108,1),(5899,21,1,1,0,0,1,109,1),(5900,21,1,1,0,1,1,110,1),(5901,21,1,1,1,1,1,111,1),(5902,21,1,1,1,0,1,112,1),(5903,21,1,1,0,1,1,113,1),(5904,21,1,1,1,1,1,114,1),(5905,21,1,1,1,0,1,115,1),(5906,21,1,1,1,0,1,116,1),(5907,21,1,1,1,1,1,117,1),(5908,21,1,1,1,1,1,118,1),(5909,21,1,1,1,1,1,119,1),(5910,21,1,1,1,0,1,120,1),(5911,21,1,1,1,1,1,121,1),(5912,21,1,1,1,0,1,122,1),(5913,21,1,1,1,1,1,123,1),(5914,21,1,1,1,1,1,124,1),(5915,21,1,1,1,1,1,125,1),(5916,21,1,1,1,1,1,126,1),(5917,21,1,1,1,1,1,127,1),(5918,21,1,1,1,1,1,128,1),(5919,21,1,1,1,1,1,129,1),(5920,21,1,1,1,1,1,130,1),(5921,21,1,1,1,1,1,131,1),(5922,21,1,1,1,1,1,132,1),(5923,21,1,1,0,1,1,133,1),(5924,21,1,1,1,0,1,134,1),(5925,21,1,1,1,0,1,135,1),(5926,21,1,1,1,1,1,136,1),(5927,21,1,1,1,1,1,137,1),(5928,21,1,1,1,1,1,138,1),(5929,21,1,1,1,1,1,139,1),(5930,21,1,1,0,1,1,140,1),(5931,21,1,1,1,1,1,141,1),(5932,21,1,1,1,0,1,142,1),(5933,21,1,1,0,0,1,143,1),(5934,21,1,1,1,1,1,144,1),(5935,21,1,1,1,1,1,145,1),(5936,21,1,1,1,0,1,146,1),(5937,21,1,1,1,1,1,147,1),(5938,21,1,1,1,0,1,148,1),(5939,21,1,1,0,1,1,149,1),(5940,21,1,1,1,1,1,150,1),(5941,21,1,1,1,1,1,151,1),(5942,21,1,1,1,1,1,152,1),(5943,21,1,1,1,1,1,153,1),(5944,21,1,1,1,1,1,154,1),(5945,21,1,1,0,1,1,155,1),(5946,21,1,1,1,0,1,156,1),(5947,21,1,1,1,1,1,157,1),(5948,21,1,1,1,1,1,158,1),(5949,21,1,1,0,1,1,159,1),(5950,21,1,1,1,1,1,160,1),(5951,21,1,1,1,1,1,161,1),(5952,21,1,1,1,1,1,162,1),(5953,21,1,1,1,1,1,163,1),(5954,21,1,1,1,1,1,164,1),(5955,21,1,1,1,1,1,165,1),(5956,21,1,1,1,1,1,166,1),(5957,21,1,1,0,1,1,167,1),(5958,21,1,1,1,1,1,168,1),(5959,21,1,1,1,0,1,169,1),(5960,21,1,1,1,1,1,170,1),(5961,21,1,1,1,0,1,171,1),(5962,21,1,1,1,1,1,172,1),(5963,21,1,1,1,1,1,173,1),(5964,21,1,1,0,1,1,174,1),(5965,21,2,1,1,1,1,175,1),(5966,21,2,1,1,0,1,176,1),(5967,21,2,1,1,1,1,177,1),(5968,21,2,1,1,1,1,178,1),(5969,21,2,1,1,1,1,179,1),(5970,21,2,1,1,1,1,180,1),(5971,21,2,1,1,1,1,181,1),(5972,21,2,1,0,1,1,182,1),(5973,21,2,1,1,1,1,183,1),(5974,21,2,1,1,0,1,184,1),(5975,21,2,1,1,1,1,185,1),(5976,21,2,1,1,1,1,186,1),(5977,21,2,1,1,1,1,187,1),(5978,21,2,1,1,0,1,188,1),(5979,21,2,1,1,1,1,189,1),(5980,21,2,1,0,1,1,190,1),(5981,21,2,1,1,1,1,191,1),(5982,21,2,1,1,0,1,192,1),(5983,21,2,1,1,0,1,193,1),(5984,21,2,1,1,1,1,194,1),(5985,21,2,1,0,1,1,195,1),(5986,21,2,1,1,1,1,196,1),(5987,21,2,1,1,1,1,197,1),(5988,21,2,1,1,1,1,198,1),(5989,21,2,1,1,1,1,199,1),(5990,21,2,1,1,1,1,200,1),(5991,21,2,1,1,1,1,201,1),(5992,21,2,1,0,1,1,202,1),(5993,21,2,1,0,1,1,203,1),(5994,21,2,1,1,1,1,204,1),(5995,21,2,1,1,1,1,205,1),(5996,21,2,1,1,1,1,206,1),(5997,21,2,1,0,1,1,207,1),(5998,21,2,1,1,1,1,208,1),(5999,21,2,1,1,0,1,209,1),(6000,21,2,1,1,1,1,210,1),(6001,21,2,1,1,0,1,211,1),(6002,21,2,1,1,1,1,212,1),(6003,21,2,1,1,1,1,213,1),(6004,21,2,1,1,1,1,214,1),(6005,21,2,1,1,1,1,215,1),(6006,21,2,1,1,1,1,216,1),(6007,21,2,1,1,1,1,217,1),(6008,21,2,1,1,1,1,218,1),(6009,21,2,1,1,1,1,219,1),(6010,21,2,1,1,1,1,220,1),(6011,21,2,1,0,1,1,221,1),(6012,21,2,1,1,0,1,222,1),(6013,21,2,1,1,0,1,223,1),(6014,21,2,1,1,1,1,224,1),(6015,21,2,1,1,0,1,225,1),(6016,21,2,1,1,1,1,226,1),(6017,21,2,1,1,1,1,227,1),(6018,21,2,1,1,1,1,228,1),(6019,21,2,1,0,0,1,229,1),(6020,21,2,1,1,0,1,230,1),(6021,21,2,1,1,0,1,231,1),(6022,21,2,1,1,1,1,232,1),(6023,21,2,1,0,0,1,233,1),(6024,21,2,1,1,0,1,234,1),(6025,21,2,1,1,0,1,235,1),(6026,21,2,1,1,1,1,236,1),(6027,21,2,1,1,0,1,237,1),(6028,21,2,1,1,1,1,238,1),(6029,21,2,1,1,1,1,239,1),(6030,21,2,1,1,0,1,240,1),(6031,21,2,1,0,1,1,241,1),(6032,21,2,1,1,1,1,242,1),(6033,21,2,1,1,1,1,243,1),(6034,21,2,1,1,0,1,244,1),(6035,21,2,1,1,1,1,245,1),(6036,21,2,1,0,0,1,246,1),(6037,21,2,1,1,1,1,247,1),(6038,21,2,1,0,1,1,248,1),(6039,21,2,1,0,1,1,249,1),(6040,21,2,1,1,0,1,250,1),(6041,21,2,1,1,1,1,251,1),(6042,21,2,1,1,1,1,252,1),(6043,21,2,1,1,1,1,253,1),(6044,21,2,1,0,1,1,254,1),(6045,21,2,1,1,1,1,255,1),(6046,21,2,1,1,1,1,256,1),(6047,21,2,1,1,0,1,257,1),(6048,21,2,1,1,1,1,258,1),(6049,21,2,1,1,0,1,259,1),(6050,21,2,1,1,1,1,260,1),(6051,21,2,1,0,1,1,261,1),(6052,21,2,1,1,1,1,262,1),(6053,21,2,1,1,1,1,263,1),(6054,21,2,1,1,1,1,264,1),(6055,21,2,1,1,1,1,265,1),(6056,21,2,1,1,1,1,266,1),(6057,21,2,1,0,0,1,267,1),(6058,21,2,1,1,1,1,268,1),(6059,21,2,1,1,1,1,269,1),(6060,21,2,1,1,1,1,270,1),(6061,21,2,1,1,1,1,271,1),(6062,21,2,1,0,0,1,272,1),(6063,21,2,1,1,1,1,273,1),(6064,21,2,1,1,1,1,274,1),(6065,21,2,1,0,1,1,275,1),(6066,21,2,1,0,0,1,276,1),(6067,21,2,1,1,1,1,277,1),(6068,21,2,1,0,0,1,278,1),(6069,21,2,1,0,1,1,279,1),(6070,21,2,1,1,1,1,280,1),(6071,21,2,1,0,1,1,281,1),(6072,21,2,1,1,0,1,282,1),(6073,21,2,1,1,1,1,283,1),(6074,21,2,1,1,1,1,284,1),(6075,21,2,1,1,1,1,285,1),(6076,21,2,1,1,0,1,286,1),(6077,21,2,1,1,1,1,287,1),(6078,21,2,1,1,1,1,288,1),(6079,21,2,1,1,0,1,289,1),(6080,21,2,1,1,1,1,290,1),(6081,21,2,1,1,1,1,291,1),(6082,21,2,1,0,1,1,292,1),(6083,21,2,1,1,1,1,293,1),(6084,21,2,1,1,1,1,294,1),(6085,21,2,1,1,1,1,295,1),(6086,21,2,1,1,0,1,296,1),(6087,21,2,1,1,1,1,297,1),(6088,21,2,1,1,1,1,298,1),(6089,21,2,1,1,1,1,299,1),(6090,21,3,1,1,1,1,300,1),(6091,21,3,1,1,1,1,301,1),(6092,21,3,1,1,1,1,302,1),(6093,21,3,1,1,1,1,303,1),(6094,21,3,1,0,1,1,304,1),(6095,21,3,1,1,0,1,305,1),(6096,21,3,1,1,1,1,306,1),(6097,21,3,1,1,1,1,307,1),(6098,21,3,1,1,0,1,308,1),(6099,21,3,1,1,1,1,309,1),(6100,21,3,1,1,1,1,310,1),(6101,21,3,1,1,1,1,311,1),(6102,21,3,1,1,1,1,312,1),(6103,21,3,1,1,1,1,313,1),(6104,21,3,1,1,0,1,314,1),(6105,21,3,1,1,0,1,315,1),(6106,21,3,1,1,1,1,316,1),(6107,21,3,1,0,1,1,317,1),(6108,21,3,1,1,1,1,318,1),(6109,21,3,1,1,1,1,319,1),(6110,21,3,1,1,0,1,320,1),(6111,21,3,1,0,0,1,321,1),(6112,21,3,1,0,1,1,322,1),(6113,21,3,1,1,1,1,323,1),(6114,21,3,1,1,1,1,324,1),(6115,21,3,1,1,1,1,325,1),(6116,21,3,1,1,1,1,326,1),(6117,21,3,1,1,1,1,327,1),(6118,21,3,1,1,0,1,328,1),(6119,21,3,1,0,1,1,329,1),(6120,21,3,1,1,0,1,330,1),(6121,21,3,1,1,0,1,331,1),(6122,21,3,1,1,0,1,332,1),(6123,21,3,1,0,1,1,333,1),(6124,21,3,1,1,1,1,334,1),(6125,21,3,1,1,1,1,335,1),(6126,21,3,1,1,1,1,336,1),(6127,21,3,1,1,1,1,337,1),(6128,21,3,1,0,0,1,338,1),(6129,21,3,1,1,1,1,339,1),(6130,21,3,1,1,1,1,340,1),(6131,21,3,1,1,1,1,341,1),(6132,21,3,1,1,1,1,342,1),(6133,21,3,1,1,1,1,343,1),(6134,21,3,1,1,1,1,344,1),(6135,21,3,1,0,1,1,345,1),(6136,21,3,1,0,1,1,346,1),(6137,21,3,1,1,1,1,347,1),(6138,21,3,1,1,1,1,348,1),(6139,21,3,1,1,0,1,349,1),(6140,22,1,1,1,1,1,100,1),(6141,22,1,1,1,1,1,101,1),(6142,22,1,1,1,1,1,102,1),(6143,22,1,1,0,0,1,103,1),(6144,22,1,1,0,0,1,104,1),(6145,22,1,1,1,1,1,105,1),(6146,22,1,1,0,1,1,106,1),(6147,22,1,1,1,1,1,107,1),(6148,22,1,1,1,1,1,108,1),(6149,22,1,1,1,0,1,109,1),(6150,22,1,1,1,1,1,110,1),(6151,22,1,1,1,1,1,111,1),(6152,22,1,1,1,1,1,112,1),(6153,22,1,1,1,0,1,113,1),(6154,22,1,1,1,0,1,114,1),(6155,22,1,1,1,1,1,115,1),(6156,22,1,1,1,1,1,116,1),(6157,22,1,1,1,1,1,117,1),(6158,22,1,1,1,1,1,118,1),(6159,22,1,1,0,1,1,119,1),(6160,22,1,1,1,1,1,120,1),(6161,22,1,1,1,1,1,121,1),(6162,22,1,1,0,0,1,122,1),(6163,22,1,1,1,0,1,123,1),(6164,22,1,1,0,1,1,124,1),(6165,22,1,1,1,1,1,125,1),(6166,22,1,1,0,1,1,126,1),(6167,22,1,1,0,1,1,127,1),(6168,22,1,1,1,1,1,128,1),(6169,22,1,1,1,1,1,129,1),(6170,22,1,1,1,1,1,130,1),(6171,22,1,1,1,1,1,131,1),(6172,22,1,1,1,1,1,132,1),(6173,22,1,1,1,0,1,133,1),(6174,22,1,1,1,1,1,134,1),(6175,22,1,1,1,1,1,135,1),(6176,22,1,1,0,1,1,136,1),(6177,22,1,1,1,1,1,137,1),(6178,22,1,1,1,1,1,138,1),(6179,22,1,1,1,1,1,139,1),(6180,22,1,1,1,1,1,140,1),(6181,22,1,1,0,1,1,141,1),(6182,22,1,1,0,1,1,142,1),(6183,22,1,1,1,1,1,143,1),(6184,22,1,1,1,1,1,144,1),(6185,22,1,1,1,1,1,145,1),(6186,22,1,1,1,1,1,146,1),(6187,22,1,1,1,1,1,147,1),(6188,22,1,1,0,0,1,148,1),(6189,22,1,1,1,1,1,149,1),(6190,22,1,1,1,1,1,150,1),(6191,22,2,1,1,1,1,151,1),(6192,22,2,1,1,0,1,152,1),(6193,22,2,1,1,1,1,153,1),(6194,22,2,1,1,1,1,154,1),(6195,22,2,1,0,1,1,155,1),(6196,22,2,1,1,1,1,156,1),(6197,22,2,1,0,1,1,157,1),(6198,22,2,1,1,1,1,158,1),(6199,22,2,1,1,0,1,159,1),(6200,22,2,1,1,1,1,160,1),(6201,22,2,1,1,1,1,161,1),(6202,22,2,1,1,1,1,162,1),(6203,22,2,1,1,1,1,163,1),(6204,22,2,1,1,0,1,164,1),(6205,22,2,1,0,0,1,165,1),(6206,22,2,1,1,1,1,166,1),(6207,22,2,1,0,1,1,167,1),(6208,22,2,1,1,1,1,168,1),(6209,22,2,1,1,1,1,169,1),(6210,22,2,1,1,1,1,170,1),(6211,22,2,1,0,1,1,171,1),(6212,22,2,1,1,1,1,172,1),(6213,22,2,1,1,0,1,173,1),(6214,22,2,1,1,1,1,174,1),(6215,22,2,1,0,1,1,175,1),(6216,22,2,1,1,1,1,176,1),(6217,22,2,1,1,0,1,177,1),(6218,22,2,1,1,1,1,178,1),(6219,22,2,1,1,0,1,179,1),(6220,22,2,1,1,1,1,180,1),(6221,22,2,1,1,0,1,181,1),(6222,22,2,1,1,1,1,182,1),(6223,22,2,1,0,1,1,183,1),(6224,22,2,1,1,1,1,184,1),(6225,22,2,1,1,1,1,185,1),(6226,22,2,1,0,1,1,186,1),(6227,22,2,1,1,1,1,187,1),(6228,22,2,1,1,0,1,188,1),(6229,22,2,1,1,1,1,189,1),(6230,22,2,1,0,0,1,190,1),(6231,22,2,1,1,1,1,191,1),(6232,22,2,1,1,1,1,192,1),(6233,22,2,1,1,0,1,193,1),(6234,22,2,1,0,1,1,194,1),(6235,22,2,1,1,1,1,195,1),(6236,22,2,1,1,1,1,196,1),(6237,22,2,1,1,1,1,197,1),(6238,22,2,1,1,1,1,198,1),(6239,22,2,1,1,1,1,199,1),(6240,22,2,1,0,1,1,200,1),(6241,22,2,1,0,0,1,201,1),(6242,22,2,1,1,1,1,202,1),(6243,22,2,1,1,1,1,203,1),(6244,22,2,1,1,1,1,204,1),(6245,22,2,1,1,0,1,205,1),(6246,22,2,1,1,1,1,206,1),(6247,22,2,1,1,1,1,207,1),(6248,22,2,1,1,1,1,208,1),(6249,22,2,1,1,0,1,209,1),(6250,22,2,1,1,1,1,210,1),(6251,22,2,1,1,1,1,211,1),(6252,22,2,1,1,1,1,212,1),(6253,22,2,1,1,1,1,213,1),(6254,22,2,1,0,0,1,214,1),(6255,22,2,1,1,1,1,215,1),(6256,22,2,1,1,1,1,216,1),(6257,22,2,1,1,1,1,217,1),(6258,22,2,1,0,1,1,218,1),(6259,22,2,1,0,1,1,219,1),(6260,22,2,1,1,1,1,220,1),(6261,22,2,1,1,1,1,221,1),(6262,22,2,1,1,1,1,222,1),(6263,22,2,1,1,0,1,223,1),(6264,22,2,1,1,1,1,224,1),(6265,22,2,1,0,1,1,225,1),(6266,22,2,1,0,1,1,226,1),(6267,22,2,1,1,1,1,227,1),(6268,22,2,1,1,0,1,228,1),(6269,22,2,1,1,1,1,229,1),(6270,22,2,1,1,1,1,230,1),(6271,22,2,1,1,1,1,231,1),(6272,22,2,1,1,1,1,232,1),(6273,22,2,1,1,1,1,233,1),(6274,22,2,1,1,1,1,234,1),(6275,22,2,1,1,1,1,235,1),(6276,22,3,1,0,1,1,236,1),(6277,22,3,1,0,1,1,237,1),(6278,22,3,1,1,1,1,238,1),(6279,22,3,1,1,1,1,239,1),(6280,22,3,1,0,1,1,240,1),(6281,22,3,1,1,1,1,241,1),(6282,22,3,1,1,1,1,242,1),(6283,22,3,1,1,0,1,243,1),(6284,22,3,1,0,1,1,244,1),(6285,22,3,1,1,1,1,245,1),(6286,22,3,1,1,1,1,246,1),(6287,22,3,1,1,1,1,247,1),(6288,22,3,1,1,0,1,248,1),(6289,22,3,1,0,1,1,249,1),(6290,22,3,1,1,1,1,250,1),(6291,22,3,1,1,1,1,251,1),(6292,22,3,1,1,1,1,252,1),(6293,22,3,1,1,0,1,253,1),(6294,22,3,1,1,1,1,254,1),(6295,22,3,1,1,1,1,255,1),(6296,22,3,1,0,1,1,256,1),(6297,22,3,1,0,1,1,257,1),(6298,22,3,1,1,1,1,258,1),(6299,22,3,1,1,0,1,259,1),(6300,22,3,1,0,0,1,260,1),(6301,22,3,1,1,1,1,261,1),(6302,22,3,1,0,1,1,262,1),(6303,22,3,1,1,1,1,263,1),(6304,22,3,1,1,0,1,264,1),(6305,22,3,1,1,1,1,265,1),(6306,22,3,1,1,1,1,266,1),(6307,22,3,1,0,0,1,267,1),(6308,22,3,1,1,1,1,268,1),(6309,22,3,1,1,1,1,269,1),(6310,23,1,1,1,1,1,100,1),(6311,23,1,1,0,1,1,101,1),(6312,23,1,1,0,1,1,102,1),(6313,23,1,1,0,1,1,103,1),(6314,23,1,1,1,0,1,104,1),(6315,23,1,1,1,1,1,105,1),(6316,23,1,1,1,1,1,106,1),(6317,23,1,1,0,1,1,107,1),(6318,23,1,1,0,1,1,108,1),(6319,23,1,1,1,0,1,109,1),(6320,23,1,1,0,1,1,110,1),(6321,23,1,1,1,1,1,111,1),(6322,23,1,1,1,1,1,112,1),(6323,23,1,1,0,1,1,113,1),(6324,23,1,1,1,1,1,114,1),(6325,23,1,1,1,1,1,115,1),(6326,23,1,1,1,1,1,116,1),(6327,23,1,1,0,1,1,117,1),(6328,23,1,1,1,1,1,118,1),(6329,23,1,1,1,1,1,119,1),(6330,23,1,1,1,1,1,120,1),(6331,23,1,1,1,1,1,121,1),(6332,23,1,1,1,1,1,122,1),(6333,23,1,1,0,1,1,123,1),(6334,23,1,1,1,1,1,124,1),(6335,23,1,1,1,1,1,125,1),(6336,23,1,1,1,1,1,126,1),(6337,23,1,1,1,1,1,127,1),(6338,23,1,1,1,0,1,128,1),(6339,23,1,1,1,1,1,129,1),(6340,23,1,1,1,1,1,130,1),(6341,23,1,1,1,1,1,131,1),(6342,23,1,1,0,1,1,132,1),(6343,23,1,1,0,1,1,133,1),(6344,23,1,1,1,1,1,134,1),(6345,23,1,1,1,1,1,135,1),(6346,23,1,1,1,1,1,136,1),(6347,23,1,1,1,1,1,137,1),(6348,23,1,1,1,1,1,138,1),(6349,23,1,1,1,1,1,139,1),(6350,23,1,1,0,0,1,140,1),(6351,23,1,1,1,1,1,141,1),(6352,23,1,1,1,1,1,142,1),(6353,23,1,1,1,1,1,143,1),(6354,23,1,1,0,1,1,144,1),(6355,23,1,1,1,1,1,145,1),(6356,23,1,1,1,0,1,146,1),(6357,23,1,1,1,0,1,147,1),(6358,23,2,1,0,1,1,148,1),(6359,23,2,1,1,0,1,149,1),(6360,23,2,1,1,1,1,150,1),(6361,23,2,1,0,1,1,151,1),(6362,23,2,1,0,1,1,152,1),(6363,23,2,1,1,0,1,153,1),(6364,23,2,1,1,1,1,154,1),(6365,23,2,1,1,1,1,155,1),(6366,23,2,1,1,0,1,156,1),(6367,23,2,1,1,1,1,157,1),(6368,23,2,1,1,1,1,158,1),(6369,23,2,1,1,0,1,159,1),(6370,23,2,1,1,1,1,160,1),(6371,23,2,1,1,1,1,161,1),(6372,23,2,1,1,1,1,162,1),(6373,23,2,1,1,0,1,163,1),(6374,23,2,1,1,1,1,164,1),(6375,23,2,1,1,1,1,165,1),(6376,23,2,1,1,1,1,166,1),(6377,23,2,1,1,1,1,167,1),(6378,23,2,1,1,0,1,168,1),(6379,23,2,1,1,1,1,169,1),(6380,23,2,1,1,1,1,170,1),(6381,23,2,1,0,1,1,171,1),(6382,23,2,1,1,0,1,172,1),(6383,23,2,1,1,0,1,173,1),(6384,23,2,1,1,1,1,174,1),(6385,23,2,1,1,1,1,175,1),(6386,23,2,1,1,0,1,176,1),(6387,23,2,1,1,1,1,177,1),(6388,23,2,1,1,1,1,178,1),(6389,23,2,1,1,1,1,179,1),(6390,23,2,1,1,0,1,180,1),(6391,23,2,1,1,1,1,181,1),(6392,23,2,1,1,0,1,182,1),(6393,23,2,1,1,0,1,183,1),(6394,23,2,1,0,1,1,184,1),(6395,23,2,1,0,1,1,185,1),(6396,23,2,1,1,1,1,186,1),(6397,23,2,1,1,1,1,187,1),(6398,23,2,1,0,1,1,188,1),(6399,23,2,1,0,1,1,189,1),(6400,23,2,1,1,1,1,190,1),(6401,23,2,1,0,1,1,191,1),(6402,23,2,1,1,1,1,192,1),(6403,23,2,1,1,1,1,193,1),(6404,23,2,1,1,0,1,194,1),(6405,23,2,1,1,1,1,195,1),(6406,23,2,1,1,1,1,196,1),(6407,23,2,1,1,1,1,197,1),(6408,23,2,1,1,1,1,198,1),(6409,23,2,1,1,1,1,199,1),(6410,23,2,1,1,1,1,200,1),(6411,23,2,1,1,1,1,201,1),(6412,23,2,1,1,0,1,202,1),(6413,23,2,1,1,1,1,203,1),(6414,23,2,1,0,1,1,204,1),(6415,23,2,1,0,1,1,205,1),(6416,23,2,1,0,1,1,206,1),(6417,23,2,1,0,1,1,207,1),(6418,23,2,1,1,1,1,208,1),(6419,23,2,1,1,1,1,209,1),(6420,23,2,1,0,1,1,210,1),(6421,23,2,1,1,1,1,211,1),(6422,23,2,1,1,1,1,212,1),(6423,23,2,1,1,1,1,213,1),(6424,23,2,1,0,1,1,214,1),(6425,23,2,1,1,0,1,215,1),(6426,23,2,1,1,1,1,216,1),(6427,23,2,1,0,1,1,217,1),(6428,23,2,1,1,1,1,218,1),(6429,23,2,1,1,1,1,219,1),(6430,23,2,1,1,1,1,220,1),(6431,23,2,1,1,0,1,221,1),(6432,23,2,1,1,1,1,222,1),(6433,23,2,1,1,0,1,223,1),(6434,23,2,1,1,0,1,224,1),(6435,23,2,1,1,1,1,225,1),(6436,23,2,1,1,0,1,226,1),(6437,23,2,1,1,1,1,227,1),(6438,23,3,1,0,1,1,228,1),(6439,23,3,1,1,1,1,229,1),(6440,23,3,1,0,1,1,230,1),(6441,23,3,1,0,1,1,231,1),(6442,23,3,1,1,1,1,232,1),(6443,23,3,1,0,1,1,233,1),(6444,23,3,1,1,1,1,234,1),(6445,23,3,1,0,1,1,235,1),(6446,23,3,1,0,1,1,236,1),(6447,23,3,1,1,0,1,237,1),(6448,23,3,1,0,0,1,238,1),(6449,23,3,1,1,1,1,239,1),(6450,23,3,1,1,0,1,240,1),(6451,23,3,1,0,0,1,241,1),(6452,23,3,1,1,1,1,242,1),(6453,23,3,1,1,0,1,243,1),(6454,23,3,1,1,1,1,244,1),(6455,23,3,1,0,0,1,245,1),(6456,23,3,1,1,0,1,246,1),(6457,23,3,1,0,1,1,247,1),(6458,23,3,1,0,0,1,248,1),(6459,23,3,1,0,1,1,249,1),(6460,23,3,1,1,1,1,250,1),(6461,23,3,1,1,1,1,251,1),(6462,23,3,1,1,1,1,252,1),(6463,23,3,1,1,1,1,253,1),(6464,23,3,1,1,1,1,254,1),(6465,23,3,1,1,1,1,255,1),(6466,23,3,1,1,1,1,256,1),(6467,23,3,1,1,1,1,257,1),(6468,23,3,1,1,1,1,258,1),(6469,23,3,1,1,1,1,259,1),(6470,24,1,1,1,1,1,100,1),(6471,24,1,1,1,0,1,101,1),(6472,24,1,1,1,0,1,102,1),(6473,24,1,1,1,0,1,103,1),(6474,24,1,1,1,1,1,104,1),(6475,24,1,1,1,1,1,105,1),(6476,24,1,1,1,0,1,106,1),(6477,24,1,1,1,1,1,107,1),(6478,24,1,1,1,0,1,108,1),(6479,24,1,1,1,0,1,109,1),(6480,24,1,1,1,0,1,110,1),(6481,24,1,1,1,1,1,111,1),(6482,24,1,1,1,1,1,112,1),(6483,24,1,1,0,0,1,113,1),(6484,24,1,1,1,0,1,114,1),(6485,24,1,1,1,1,1,115,1),(6486,24,1,1,1,1,1,116,1),(6487,24,1,1,0,1,1,117,1),(6488,24,1,1,1,1,1,118,1),(6489,24,1,1,1,1,1,119,1),(6490,24,1,1,1,1,1,120,1),(6491,24,1,1,1,0,1,121,1),(6492,24,1,1,1,0,1,122,1),(6493,24,1,1,1,1,1,123,1),(6494,24,1,1,0,0,1,124,1),(6495,24,1,1,1,1,1,125,1),(6496,24,1,1,1,0,1,126,1),(6497,24,1,1,1,1,1,127,1),(6498,24,1,1,1,1,1,128,1),(6499,24,1,1,1,1,1,129,1),(6500,24,1,1,1,0,1,130,1),(6501,24,1,1,0,1,1,131,1),(6502,24,1,1,1,0,1,132,1),(6503,24,1,1,1,1,1,133,1),(6504,24,1,1,1,1,1,134,1),(6505,24,1,1,1,1,1,135,1),(6506,24,1,1,1,1,1,136,1),(6507,24,1,1,1,0,1,137,1),(6508,24,1,1,1,1,1,138,1),(6509,24,1,1,1,1,1,139,1),(6510,24,1,1,0,1,1,140,1),(6511,24,1,1,0,1,1,141,1),(6512,24,1,1,1,0,1,142,1),(6513,24,1,1,0,1,1,143,1),(6514,24,1,1,1,1,1,144,1),(6515,24,1,1,0,1,1,145,1),(6516,24,1,1,1,1,1,146,1),(6517,24,1,1,0,1,1,147,1),(6518,24,1,1,0,1,1,148,1),(6519,24,1,1,1,1,1,149,1),(6520,24,1,1,1,1,1,150,1),(6521,24,1,1,1,1,1,151,1),(6522,24,1,1,1,1,1,152,1),(6523,24,1,1,1,1,1,153,1),(6524,24,1,1,1,1,1,154,1),(6525,24,1,1,0,1,1,155,1),(6526,24,1,1,1,1,1,156,1),(6527,24,2,1,1,1,1,157,1),(6528,24,2,1,1,1,1,158,1),(6529,24,2,1,0,1,1,159,1),(6530,24,2,1,1,1,1,160,1),(6531,24,2,1,0,1,1,161,1),(6532,24,2,1,1,1,1,162,1),(6533,24,2,1,1,0,1,163,1),(6534,24,2,1,1,1,1,164,1),(6535,24,2,1,0,1,1,165,1),(6536,24,2,1,0,1,1,166,1),(6537,24,2,1,1,0,1,167,1),(6538,24,2,1,1,1,1,168,1),(6539,24,2,1,1,0,1,169,1),(6540,24,2,1,1,1,1,170,1),(6541,24,2,1,1,1,1,171,1),(6542,24,2,1,1,1,1,172,1),(6543,24,2,1,1,1,1,173,1),(6544,24,2,1,1,1,1,174,1),(6545,24,2,1,1,1,1,175,1),(6546,24,2,1,1,1,1,176,1),(6547,24,2,1,1,0,1,177,1),(6548,24,2,1,1,0,1,178,1),(6549,24,2,1,1,0,1,179,1),(6550,24,2,1,0,0,1,180,1),(6551,24,2,1,0,1,1,181,1),(6552,24,2,1,0,0,1,182,1),(6553,24,2,1,1,1,1,183,1),(6554,24,2,1,1,1,1,184,1),(6555,24,2,1,1,1,1,185,1),(6556,24,2,1,1,0,1,186,1),(6557,24,2,1,1,1,1,187,1),(6558,24,2,1,1,0,1,188,1),(6559,24,2,1,0,1,1,189,1),(6560,24,2,1,1,1,1,190,1),(6561,24,2,1,1,0,1,191,1),(6562,24,2,1,1,0,1,192,1),(6563,24,2,1,1,1,1,193,1),(6564,24,2,1,1,0,1,194,1),(6565,24,2,1,0,1,1,195,1),(6566,24,2,1,1,1,1,196,1),(6567,24,2,1,0,1,1,197,1),(6568,24,2,1,0,1,1,198,1),(6569,24,2,1,1,1,1,199,1),(6570,24,2,1,1,1,1,200,1),(6571,24,2,1,0,1,1,201,1),(6572,24,2,1,1,1,1,202,1),(6573,24,2,1,1,1,1,203,1),(6574,24,2,1,1,1,1,204,1),(6575,24,2,1,0,1,1,205,1),(6576,24,2,1,1,1,1,206,1),(6577,24,2,1,1,1,1,207,1),(6578,24,2,1,0,1,1,208,1),(6579,24,2,1,0,1,1,209,1),(6580,24,2,1,1,1,1,210,1),(6581,24,2,1,1,0,1,211,1),(6582,24,2,1,0,1,1,212,1),(6583,24,2,1,1,1,1,213,1),(6584,24,2,1,1,1,1,214,1),(6585,24,2,1,1,1,1,215,1),(6586,24,2,1,1,1,1,216,1),(6587,24,2,1,0,1,1,217,1),(6588,24,2,1,0,1,1,218,1),(6589,24,2,1,1,1,1,219,1),(6590,24,2,1,1,1,1,220,1),(6591,24,2,1,0,1,1,221,1),(6592,24,2,1,1,1,1,222,1),(6593,24,2,1,1,1,1,223,1),(6594,24,2,1,1,1,1,224,1),(6595,24,2,1,1,1,1,225,1),(6596,24,2,1,1,1,1,226,1),(6597,24,2,1,1,1,1,227,1),(6598,24,2,1,0,1,1,228,1),(6599,24,2,1,1,0,1,229,1),(6600,24,2,1,1,1,1,230,1),(6601,24,2,1,1,1,1,231,1),(6602,24,2,1,1,1,1,232,1),(6603,24,2,1,1,1,1,233,1),(6604,24,2,1,1,0,1,234,1),(6605,24,2,1,1,1,1,235,1),(6606,24,2,1,1,0,1,236,1),(6607,24,2,1,1,1,1,237,1),(6608,24,2,1,1,1,1,238,1),(6609,24,2,1,1,0,1,239,1),(6610,24,2,1,1,0,1,240,1),(6611,24,2,1,0,1,1,241,1),(6612,24,2,1,1,1,1,242,1),(6613,24,2,1,1,1,1,243,1),(6614,24,2,1,1,1,1,244,1),(6615,24,2,1,0,1,1,245,1),(6616,24,2,1,1,1,1,246,1),(6617,24,2,1,1,1,1,247,1),(6618,24,2,1,1,0,1,248,1),(6619,24,2,1,1,1,1,249,1),(6620,24,2,1,1,0,1,250,1),(6621,24,2,1,1,0,1,251,1),(6622,24,3,1,1,1,1,252,1),(6623,24,3,1,1,1,1,253,1),(6624,24,3,1,0,1,1,254,1),(6625,24,3,1,0,1,1,255,1),(6626,24,3,1,1,1,1,256,1),(6627,24,3,1,1,1,1,257,1),(6628,24,3,1,0,1,1,258,1),(6629,24,3,1,1,1,1,259,1),(6630,24,3,1,1,0,1,260,1),(6631,24,3,1,1,1,1,261,1),(6632,24,3,1,1,1,1,262,1),(6633,24,3,1,1,1,1,263,1),(6634,24,3,1,1,1,1,264,1),(6635,24,3,1,0,1,1,265,1),(6636,24,3,1,1,0,1,266,1),(6637,24,3,1,1,1,1,267,1),(6638,24,3,1,1,1,1,268,1),(6639,24,3,1,1,1,1,269,1),(6640,24,3,1,1,1,1,270,1),(6641,24,3,1,1,1,1,271,1),(6642,24,3,1,1,1,1,272,1),(6643,24,3,1,1,1,1,273,1),(6644,24,3,1,1,1,1,274,1),(6645,24,3,1,1,1,1,275,1),(6646,24,3,1,0,1,1,276,1),(6647,24,3,1,1,1,1,277,1),(6648,24,3,1,1,1,1,278,1),(6649,24,3,1,1,1,1,279,1),(6650,24,3,1,1,1,1,280,1),(6651,24,3,1,1,1,1,281,1),(6652,24,3,1,1,1,1,282,1),(6653,24,3,1,1,1,1,283,1),(6654,24,3,1,1,1,1,284,1),(6655,24,3,1,1,1,1,285,1),(6656,24,3,1,1,1,1,286,1),(6657,24,3,1,0,1,1,287,1),(6658,24,3,1,0,0,1,288,1),(6659,24,3,1,0,0,1,289,1),(6660,25,1,1,1,0,1,100,1),(6661,25,1,1,1,1,1,101,1),(6662,25,1,1,0,1,1,102,1),(6663,25,1,1,1,0,1,103,1),(6664,25,1,1,1,1,1,104,1),(6665,25,1,1,0,0,1,105,1),(6666,25,1,1,1,1,1,106,1),(6667,25,1,1,1,1,1,107,1),(6668,25,1,1,0,1,1,108,1),(6669,25,1,1,1,1,1,109,1),(6670,25,1,1,1,1,1,110,1),(6671,25,1,1,1,1,1,111,1),(6672,25,1,1,1,1,1,112,1),(6673,25,1,1,1,1,1,113,1),(6674,25,1,1,1,1,1,114,1),(6675,25,1,1,1,1,1,115,1),(6676,25,1,1,0,1,1,116,1),(6677,25,1,1,0,0,1,117,1),(6678,25,1,1,0,1,1,118,1),(6679,25,1,1,1,1,1,119,1),(6680,25,1,1,1,0,1,120,1),(6681,25,1,1,1,1,1,121,1),(6682,25,1,1,0,0,1,122,1),(6683,25,1,1,1,1,1,123,1),(6684,25,1,1,1,1,1,124,1),(6685,25,1,1,1,1,1,125,1),(6686,25,1,1,1,1,1,126,1),(6687,25,1,1,1,1,1,127,1),(6688,25,1,1,1,1,1,128,1),(6689,25,1,1,1,1,1,129,1),(6690,25,1,1,1,1,1,130,1),(6691,25,1,1,1,1,1,131,1),(6692,25,1,1,0,1,1,132,1),(6693,25,1,1,0,1,1,133,1),(6694,25,1,1,0,1,1,134,1),(6695,25,1,1,1,1,1,135,1),(6696,25,1,1,1,1,1,136,1),(6697,25,1,1,1,1,1,137,1),(6698,25,1,1,1,1,1,138,1),(6699,25,1,1,1,1,1,139,1),(6700,25,1,1,1,1,1,140,1),(6701,25,1,1,0,0,1,141,1),(6702,25,1,1,1,0,1,142,1),(6703,25,1,1,1,1,1,143,1),(6704,25,1,1,1,1,1,144,1),(6705,25,1,1,1,1,1,145,1),(6706,25,1,1,1,1,1,146,1),(6707,25,1,1,1,0,1,147,1),(6708,25,1,1,1,1,1,148,1),(6709,25,1,1,1,1,1,149,1),(6710,25,1,1,1,1,1,150,1),(6711,25,1,1,1,1,1,151,1),(6712,25,1,1,0,1,1,152,1),(6713,25,1,1,1,1,1,153,1),(6714,25,1,1,0,1,1,154,1),(6715,25,1,1,1,0,1,155,1),(6716,25,1,1,1,1,1,156,1),(6717,25,1,1,1,1,1,157,1),(6718,25,1,1,1,1,1,158,1),(6719,25,1,1,1,1,1,159,1),(6720,25,1,1,0,1,1,160,1),(6721,25,1,1,1,1,1,161,1),(6722,25,1,1,1,0,1,162,1),(6723,25,2,1,1,1,1,163,1),(6724,25,2,1,1,1,1,164,1),(6725,25,2,1,1,1,1,165,1),(6726,25,2,1,1,1,1,166,1),(6727,25,2,1,1,1,1,167,1),(6728,25,2,1,1,1,1,168,1),(6729,25,2,1,0,0,1,169,1),(6730,25,2,1,1,1,1,170,1),(6731,25,2,1,1,0,1,171,1),(6732,25,2,1,1,1,1,172,1),(6733,25,2,1,1,1,1,173,1),(6734,25,2,1,1,1,1,174,1),(6735,25,2,1,1,0,1,175,1),(6736,25,2,1,0,1,1,176,1),(6737,25,2,1,1,1,1,177,1),(6738,25,2,1,1,0,1,178,1),(6739,25,2,1,1,1,1,179,1),(6740,25,2,1,1,1,1,180,1),(6741,25,2,1,0,1,1,181,1),(6742,25,2,1,1,1,1,182,1),(6743,25,2,1,1,1,1,183,1),(6744,25,2,1,1,1,1,184,1),(6745,25,2,1,1,1,1,185,1),(6746,25,2,1,1,1,1,186,1),(6747,25,2,1,1,1,1,187,1),(6748,25,2,1,0,1,1,188,1),(6749,25,2,1,0,1,1,189,1),(6750,25,2,1,1,1,1,190,1),(6751,25,2,1,1,1,1,191,1),(6752,25,2,1,0,1,1,192,1),(6753,25,2,1,1,0,1,193,1),(6754,25,2,1,1,1,1,194,1),(6755,25,2,1,1,0,1,195,1),(6756,25,2,1,1,1,1,196,1),(6757,25,2,1,1,1,1,197,1),(6758,25,2,1,0,1,1,198,1),(6759,25,2,1,1,1,1,199,1),(6760,25,2,1,0,1,1,200,1),(6761,25,2,1,1,1,1,201,1),(6762,25,2,1,0,1,1,202,1),(6763,25,2,1,1,1,1,203,1),(6764,25,2,1,1,1,1,204,1),(6765,25,2,1,1,1,1,205,1),(6766,25,2,1,0,1,1,206,1),(6767,25,2,1,1,1,1,207,1),(6768,25,2,1,1,1,1,208,1),(6769,25,2,1,1,1,1,209,1),(6770,25,2,1,1,1,1,210,1),(6771,25,2,1,1,1,1,211,1),(6772,25,2,1,1,1,1,212,1),(6773,25,2,1,0,1,1,213,1),(6774,25,2,1,0,0,1,214,1),(6775,25,2,1,1,0,1,215,1),(6776,25,2,1,1,0,1,216,1),(6777,25,2,1,0,1,1,217,1),(6778,25,2,1,1,1,1,218,1),(6779,25,2,1,1,1,1,219,1),(6780,25,2,1,1,0,1,220,1),(6781,25,2,1,1,0,1,221,1),(6782,25,2,1,1,1,1,222,1),(6783,25,2,1,1,1,1,223,1),(6784,25,2,1,0,1,1,224,1),(6785,25,2,1,1,1,1,225,1),(6786,25,2,1,1,1,1,226,1),(6787,25,2,1,1,1,1,227,1),(6788,25,2,1,1,1,1,228,1),(6789,25,2,1,1,1,1,229,1),(6790,25,2,1,1,1,1,230,1),(6791,25,2,1,1,0,1,231,1),(6792,25,2,1,1,1,1,232,1),(6793,25,2,1,1,1,1,233,1),(6794,25,2,1,0,1,1,234,1),(6795,25,2,1,0,1,1,235,1),(6796,25,2,1,0,1,1,236,1),(6797,25,2,1,0,1,1,237,1),(6798,25,2,1,1,0,1,238,1),(6799,25,2,1,1,1,1,239,1),(6800,25,2,1,1,1,1,240,1),(6801,25,2,1,1,1,1,241,1),(6802,25,2,1,1,0,1,242,1),(6803,25,2,1,0,1,1,243,1),(6804,25,2,1,1,1,1,244,1),(6805,25,2,1,1,1,1,245,1),(6806,25,2,1,0,0,1,246,1),(6807,25,2,1,1,1,1,247,1),(6808,25,2,1,1,0,1,248,1),(6809,25,2,1,1,0,1,249,1),(6810,25,2,1,1,1,1,250,1),(6811,25,2,1,1,0,1,251,1),(6812,25,2,1,1,0,1,252,1),(6813,25,2,1,0,1,1,253,1),(6814,25,2,1,1,1,1,254,1),(6815,25,2,1,0,1,1,255,1),(6816,25,2,1,1,0,1,256,1),(6817,25,2,1,1,1,1,257,1),(6818,25,2,1,1,1,1,258,1),(6819,25,2,1,1,1,1,259,1),(6820,25,2,1,1,1,1,260,1),(6821,25,2,1,1,1,1,261,1),(6822,25,2,1,1,1,1,262,1),(6823,25,2,1,0,1,1,263,1),(6824,25,2,1,0,1,1,264,1),(6825,25,2,1,0,1,1,265,1),(6826,25,2,1,1,1,1,266,1),(6827,25,2,1,0,1,1,267,1),(6828,25,3,1,0,1,1,268,1),(6829,25,3,1,1,1,1,269,1),(6830,25,3,1,0,1,1,270,1),(6831,25,3,1,0,1,1,271,1),(6832,25,3,1,0,1,1,272,1),(6833,25,3,1,1,1,1,273,1),(6834,25,3,1,1,1,1,274,1),(6835,25,3,1,1,1,1,275,1),(6836,25,3,1,1,1,1,276,1),(6837,25,3,1,1,1,1,277,1),(6838,25,3,1,0,1,1,278,1),(6839,25,3,1,0,1,1,279,1),(6840,25,3,1,1,1,1,280,1),(6841,25,3,1,1,1,1,281,1),(6842,25,3,1,1,0,1,282,1),(6843,25,3,1,1,1,1,283,1),(6844,25,3,1,1,0,1,284,1),(6845,25,3,1,1,1,1,285,1),(6846,25,3,1,1,0,1,286,1),(6847,25,3,1,0,1,1,287,1),(6848,25,3,1,1,1,1,288,1),(6849,25,3,1,1,1,1,289,1),(6850,25,3,1,1,1,1,290,1),(6851,25,3,1,0,0,1,291,1),(6852,25,3,1,0,1,1,292,1),(6853,25,3,1,1,0,1,293,1),(6854,25,3,1,1,1,1,294,1),(6855,25,3,1,1,0,1,295,1),(6856,25,3,1,0,1,1,296,1),(6857,25,3,1,1,0,1,297,1),(6858,25,3,1,1,1,1,298,1),(6859,25,3,1,1,0,1,299,1),(6860,25,3,1,1,1,1,300,1),(6861,25,3,1,1,1,1,301,1),(6862,25,3,1,1,1,1,302,1),(6863,25,3,1,1,1,1,303,1),(6864,25,3,1,0,1,1,304,1),(6865,25,3,1,1,1,1,305,1),(6866,25,3,1,1,1,1,306,1),(6867,25,3,1,0,1,1,307,1),(6868,25,3,1,1,1,1,308,1),(6869,25,3,1,1,0,1,309,1),(6870,26,1,1,1,1,1,100,1),(6871,26,1,1,1,1,1,101,1),(6872,26,1,1,1,0,1,102,1),(6873,26,1,1,1,1,1,103,1),(6874,26,1,1,1,1,1,104,1),(6875,26,1,1,1,0,1,105,1),(6876,26,1,1,1,1,1,106,1),(6877,26,1,1,1,0,1,107,1),(6878,26,1,1,1,1,1,108,1),(6879,26,1,1,1,1,1,109,1),(6880,26,1,1,1,0,1,110,1),(6881,26,1,1,1,1,1,111,1),(6882,26,1,1,1,1,1,112,1),(6883,26,1,1,1,1,1,113,1),(6884,26,1,1,1,1,1,114,1),(6885,26,1,1,1,0,1,115,1),(6886,26,1,1,1,1,1,116,1),(6887,26,1,1,0,1,1,117,1),(6888,26,1,1,1,1,1,118,1),(6889,26,1,1,1,1,1,119,1),(6890,26,1,1,1,1,1,120,1),(6891,26,1,1,1,0,1,121,1),(6892,26,1,1,1,1,1,122,1),(6893,26,1,1,1,1,1,123,1),(6894,26,1,1,1,1,1,124,1),(6895,26,1,1,1,1,1,125,1),(6896,26,1,1,1,1,1,126,1),(6897,26,1,1,1,1,1,127,1),(6898,26,1,1,1,1,1,128,1),(6899,26,1,1,1,1,1,129,1),(6900,26,1,1,1,1,1,130,1),(6901,26,1,1,1,0,1,131,1),(6902,26,1,1,1,0,1,132,1),(6903,26,1,1,1,1,1,133,1),(6904,26,1,1,1,0,1,134,1),(6905,26,1,1,0,1,1,135,1),(6906,26,1,1,1,1,1,136,1),(6907,26,1,1,1,1,1,137,1),(6908,26,1,1,1,0,1,138,1),(6909,26,1,1,1,1,1,139,1),(6910,26,1,1,0,1,1,140,1),(6911,26,1,1,0,1,1,141,1),(6912,26,1,1,1,0,1,142,1),(6913,26,1,1,1,1,1,143,1),(6914,26,1,1,1,1,1,144,1),(6915,26,2,1,0,0,1,145,1),(6916,26,2,1,1,1,1,146,1),(6917,26,2,1,0,1,1,147,1),(6918,26,2,1,1,1,1,148,1),(6919,26,2,1,1,1,1,149,1),(6920,26,2,1,1,1,1,150,1),(6921,26,2,1,1,1,1,151,1),(6922,26,2,1,1,1,1,152,1),(6923,26,2,1,1,0,1,153,1),(6924,26,2,1,1,1,1,154,1),(6925,26,2,1,1,1,1,155,1),(6926,26,2,1,1,1,1,156,1),(6927,26,2,1,1,1,1,157,1),(6928,26,2,1,1,1,1,158,1),(6929,26,2,1,0,1,1,159,1),(6930,26,2,1,1,0,1,160,1),(6931,26,2,1,1,0,1,161,1),(6932,26,2,1,1,1,1,162,1),(6933,26,2,1,1,0,1,163,1),(6934,26,2,1,1,1,1,164,1),(6935,26,2,1,1,1,1,165,1),(6936,26,2,1,1,1,1,166,1),(6937,26,2,1,1,1,1,167,1),(6938,26,2,1,1,1,1,168,1),(6939,26,2,1,1,1,1,169,1),(6940,26,2,1,0,1,1,170,1),(6941,26,2,1,0,0,1,171,1),(6942,26,2,1,1,1,1,172,1),(6943,26,2,1,1,1,1,173,1),(6944,26,2,1,1,1,1,174,1),(6945,26,2,1,1,1,1,175,1),(6946,26,2,1,1,1,1,176,1),(6947,26,2,1,1,1,1,177,1),(6948,26,2,1,0,1,1,178,1),(6949,26,2,1,1,1,1,179,1),(6950,26,2,1,1,1,1,180,1),(6951,26,2,1,1,1,1,181,1),(6952,26,2,1,1,1,1,182,1),(6953,26,2,1,1,1,1,183,1),(6954,26,2,1,1,1,1,184,1),(6955,26,2,1,1,1,1,185,1),(6956,26,2,1,1,0,1,186,1),(6957,26,2,1,1,1,1,187,1),(6958,26,2,1,1,1,1,188,1),(6959,26,2,1,0,1,1,189,1),(6960,26,2,1,0,1,1,190,1),(6961,26,2,1,1,1,1,191,1),(6962,26,2,1,1,0,1,192,1),(6963,26,2,1,1,1,1,193,1),(6964,26,2,1,1,0,1,194,1),(6965,26,2,1,0,1,1,195,1),(6966,26,2,1,1,1,1,196,1),(6967,26,2,1,1,1,1,197,1),(6968,26,2,1,1,0,1,198,1),(6969,26,2,1,1,1,1,199,1),(6970,26,2,1,1,1,1,200,1),(6971,26,2,1,1,1,1,201,1),(6972,26,2,1,1,1,1,202,1),(6973,26,2,1,1,0,1,203,1),(6974,26,2,1,1,0,1,204,1),(6975,26,2,1,0,1,1,205,1),(6976,26,2,1,1,1,1,206,1),(6977,26,2,1,1,1,1,207,1),(6978,26,2,1,1,1,1,208,1),(6979,26,2,1,0,1,1,209,1),(6980,26,2,1,1,0,1,210,1),(6981,26,2,1,0,1,1,211,1),(6982,26,2,1,1,0,1,212,1),(6983,26,2,1,1,1,1,213,1),(6984,26,2,1,1,1,1,214,1),(6985,26,2,1,1,1,1,215,1),(6986,26,2,1,1,1,1,216,1),(6987,26,2,1,1,1,1,217,1),(6988,26,2,1,1,1,1,218,1),(6989,26,2,1,0,1,1,219,1),(6990,26,3,1,1,1,1,220,1),(6991,26,3,1,1,1,1,221,1),(6992,26,3,1,1,1,1,222,1),(6993,26,3,1,0,1,1,223,1),(6994,26,3,1,1,1,1,224,1),(6995,26,3,1,1,1,1,225,1),(6996,26,3,1,1,1,1,226,1),(6997,26,3,1,1,1,1,227,1),(6998,26,3,1,1,1,1,228,1),(6999,26,3,1,1,1,1,229,1),(7000,26,3,1,1,1,1,230,1),(7001,26,3,1,0,0,1,231,1),(7002,26,3,1,0,0,1,232,1),(7003,26,3,1,1,1,1,233,1),(7004,26,3,1,1,1,1,234,1),(7005,26,3,1,1,1,1,235,1),(7006,26,3,1,1,1,1,236,1),(7007,26,3,1,1,1,1,237,1),(7008,26,3,1,0,1,1,238,1),(7009,26,3,1,1,0,1,239,1),(7010,26,3,1,1,1,1,240,1),(7011,26,3,1,0,1,1,241,1),(7012,26,3,1,1,1,1,242,1),(7013,26,3,1,1,0,1,243,1),(7014,26,3,1,1,1,1,244,1),(7015,26,3,1,1,1,1,245,1),(7016,26,3,1,1,1,1,246,1),(7017,26,3,1,1,0,1,247,1),(7018,26,3,1,1,1,1,248,1),(7019,26,3,1,1,1,1,249,1),(7020,27,1,1,1,1,1,100,1),(7021,27,1,1,1,1,1,101,1),(7022,27,1,1,0,1,1,102,1),(7023,27,1,1,1,0,1,103,1),(7024,27,1,1,1,1,1,104,1),(7025,27,1,1,1,1,1,105,1),(7026,27,1,1,0,1,1,106,1),(7027,27,1,1,1,0,1,107,1),(7028,27,1,1,1,1,1,108,1),(7029,27,1,1,1,1,1,109,1),(7030,27,1,1,0,0,1,110,1),(7031,27,1,1,1,1,1,111,1),(7032,27,1,1,0,1,1,112,1),(7033,27,1,1,1,1,1,113,1),(7034,27,1,1,0,1,1,114,1),(7035,27,1,1,1,1,1,115,1),(7036,27,1,1,1,1,1,116,1),(7037,27,1,1,1,0,1,117,1),(7038,27,1,1,0,1,1,118,1),(7039,27,1,1,1,0,1,119,1),(7040,27,1,1,1,0,1,120,1),(7041,27,1,1,1,1,1,121,1),(7042,27,1,1,1,1,1,122,1),(7043,27,1,1,1,1,1,123,1),(7044,27,1,1,1,1,1,124,1),(7045,27,1,1,1,1,1,125,1),(7046,27,1,1,1,0,1,126,1),(7047,27,1,1,0,1,1,127,1),(7048,27,1,1,1,1,1,128,1),(7049,27,1,1,1,0,1,129,1),(7050,27,1,1,0,1,1,130,1),(7051,27,1,1,0,1,1,131,1),(7052,27,1,1,1,1,1,132,1),(7053,27,1,1,1,1,1,133,1),(7054,27,1,1,1,1,1,134,1),(7055,27,1,1,0,1,1,135,1),(7056,27,1,1,1,1,1,136,1),(7057,27,1,1,1,0,1,137,1),(7058,27,1,1,1,1,1,138,1),(7059,27,1,1,1,1,1,139,1),(7060,27,1,1,0,1,1,140,1),(7061,27,1,1,1,0,1,141,1),(7062,27,2,1,1,0,1,142,1),(7063,27,2,1,1,1,1,143,1),(7064,27,2,1,0,1,1,144,1),(7065,27,2,1,1,0,1,145,1),(7066,27,2,1,1,0,1,146,1),(7067,27,2,1,0,1,1,147,1),(7068,27,2,1,0,0,1,148,1),(7069,27,2,1,1,1,1,149,1),(7070,27,2,1,0,1,1,150,1),(7071,27,2,1,1,1,1,151,1),(7072,27,2,1,1,1,1,152,1),(7073,27,2,1,1,1,1,153,1),(7074,27,2,1,0,1,1,154,1),(7075,27,2,1,0,1,1,155,1),(7076,27,2,1,1,1,1,156,1),(7077,27,2,1,1,0,1,157,1),(7078,27,2,1,1,1,1,158,1),(7079,27,2,1,1,1,1,159,1),(7080,27,2,1,1,1,1,160,1),(7081,27,2,1,1,1,1,161,1),(7082,27,2,1,1,1,1,162,1),(7083,27,2,1,1,1,1,163,1),(7084,27,2,1,0,1,1,164,1),(7085,27,2,1,0,1,1,165,1),(7086,27,2,1,1,1,1,166,1),(7087,27,2,1,1,0,1,167,1),(7088,27,2,1,1,1,1,168,1),(7089,27,2,1,0,0,1,169,1),(7090,27,2,1,1,1,1,170,1),(7091,27,2,1,1,1,1,171,1),(7092,27,2,1,1,0,1,172,1),(7093,27,2,1,1,1,1,173,1),(7094,27,2,1,1,1,1,174,1),(7095,27,2,1,1,1,1,175,1),(7096,27,2,1,1,0,1,176,1),(7097,27,2,1,1,1,1,177,1),(7098,27,2,1,1,0,1,178,1),(7099,27,2,1,1,1,1,179,1),(7100,27,2,1,1,1,1,180,1),(7101,27,2,1,0,0,1,181,1),(7102,27,2,1,1,1,1,182,1),(7103,27,2,1,1,1,1,183,1),(7104,27,2,1,1,0,1,184,1),(7105,27,2,1,1,1,1,185,1),(7106,27,2,1,1,1,1,186,1),(7107,27,2,1,0,1,1,187,1),(7108,27,2,1,1,1,1,188,1),(7109,27,2,1,1,1,1,189,1),(7110,27,2,1,1,1,1,190,1),(7111,27,2,1,1,1,1,191,1),(7112,27,2,1,1,1,1,192,1),(7113,27,2,1,1,0,1,193,1),(7114,27,2,1,0,1,1,194,1),(7115,27,2,1,1,1,1,195,1),(7116,27,2,1,1,1,1,196,1),(7117,27,2,1,1,0,1,197,1),(7118,27,2,1,1,1,1,198,1),(7119,27,2,1,1,1,1,199,1),(7120,27,2,1,1,0,1,200,1),(7121,27,2,1,1,1,1,201,1),(7122,27,2,1,1,1,1,202,1),(7123,27,2,1,0,0,1,203,1),(7124,27,2,1,1,1,1,204,1),(7125,27,2,1,0,1,1,205,1),(7126,27,2,1,1,0,1,206,1),(7127,27,2,1,0,0,1,207,1),(7128,27,2,1,1,1,1,208,1),(7129,27,2,1,0,1,1,209,1),(7130,27,2,1,0,1,1,210,1),(7131,27,2,1,1,1,1,211,1),(7132,27,3,1,1,1,1,212,1),(7133,27,3,1,1,1,1,213,1),(7134,27,3,1,1,1,1,214,1),(7135,27,3,1,0,1,1,215,1),(7136,27,3,1,0,1,1,216,1),(7137,27,3,1,0,1,1,217,1),(7138,27,3,1,1,1,1,218,1),(7139,27,3,1,1,1,1,219,1),(7140,27,3,1,1,1,1,220,1),(7141,27,3,1,1,1,1,221,1),(7142,27,3,1,0,1,1,222,1),(7143,27,3,1,1,0,1,223,1),(7144,27,3,1,1,0,1,224,1),(7145,27,3,1,1,0,1,225,1),(7146,27,3,1,0,1,1,226,1),(7147,27,3,1,1,1,1,227,1),(7148,27,3,1,1,1,1,228,1),(7149,27,3,1,1,1,1,229,1),(7150,27,3,1,0,1,1,230,1),(7151,27,3,1,1,0,1,231,1),(7152,27,3,1,1,1,1,232,1),(7153,27,3,1,0,1,1,233,1),(7154,27,3,1,1,1,1,234,1),(7155,27,3,1,0,1,1,235,1),(7156,27,3,1,1,1,1,236,1),(7157,27,3,1,1,1,1,237,1),(7158,27,3,1,1,1,1,238,1),(7159,27,3,1,0,0,1,239,1),(7160,28,1,1,1,1,1,100,0),(7161,28,1,1,1,1,1,101,1),(7162,28,1,1,0,0,1,102,1),(7163,28,1,1,1,1,1,103,1),(7164,28,1,1,1,0,1,104,1),(7165,28,1,1,1,1,1,105,1),(7166,28,1,1,0,1,1,106,1),(7167,28,1,1,1,0,1,107,1),(7168,28,1,1,1,0,1,108,1),(7169,28,1,1,1,1,1,109,1),(7170,28,1,1,1,0,1,110,1),(7171,28,1,1,1,0,1,111,1),(7172,28,1,1,1,1,1,112,1),(7173,28,1,1,0,1,1,113,1),(7174,28,1,1,1,0,1,114,1),(7175,28,1,1,1,1,1,115,1),(7176,28,1,1,1,1,1,116,1),(7177,28,1,1,0,1,1,117,1),(7178,28,1,1,1,1,1,118,1),(7179,28,1,1,1,1,1,119,1),(7180,28,1,1,1,1,1,120,1),(7181,28,1,1,1,1,1,121,1),(7182,28,1,1,1,1,1,122,1),(7183,28,1,1,1,0,1,123,1),(7184,28,1,1,1,1,1,124,1),(7185,28,1,1,1,1,1,125,1),(7186,28,1,1,1,1,1,126,1),(7187,28,1,1,1,1,1,127,1),(7188,28,1,1,1,1,1,128,1),(7189,28,1,1,1,1,1,129,1),(7190,28,1,1,1,1,1,130,1),(7191,28,1,1,1,1,1,131,1),(7192,28,1,1,1,1,1,132,1),(7193,28,1,1,1,1,1,133,1),(7194,28,1,1,1,1,1,134,1),(7195,28,1,1,1,1,1,135,1),(7196,28,1,1,1,1,1,136,1),(7197,28,1,1,1,1,1,137,1),(7198,28,1,1,0,1,1,138,1),(7199,28,2,1,1,0,1,139,0),(7200,28,2,1,1,0,1,140,1),(7201,28,2,1,1,1,1,141,1),(7202,28,2,1,1,1,1,142,1),(7203,28,2,1,1,0,1,143,1),(7204,28,2,1,1,0,1,144,1),(7205,28,2,1,1,1,1,145,1),(7206,28,2,1,1,1,1,146,1),(7207,28,2,1,1,1,1,147,1),(7208,28,2,1,1,1,1,148,1),(7209,28,2,1,1,1,1,149,1),(7210,28,2,1,1,0,1,150,1),(7211,28,2,1,1,1,1,151,1),(7212,28,2,1,1,1,1,152,1),(7213,28,2,1,1,1,1,153,1),(7214,28,2,1,1,1,1,154,1),(7215,28,2,1,0,1,1,155,1),(7216,28,2,1,0,0,1,156,1),(7217,28,2,1,0,1,1,157,1),(7218,28,2,1,1,0,1,158,1),(7219,28,2,1,1,1,1,159,1),(7220,28,2,1,1,1,1,160,1),(7221,28,2,1,1,0,1,161,1),(7222,28,2,1,1,1,1,162,1),(7223,28,2,1,1,1,1,163,1),(7224,28,2,1,0,0,1,164,1),(7225,28,2,1,1,1,1,165,1),(7226,28,2,1,0,1,1,166,1),(7227,28,2,1,0,1,1,167,1),(7228,28,2,1,1,0,1,168,1),(7229,28,2,1,1,1,1,169,1),(7230,28,2,1,1,1,1,170,1),(7231,28,2,1,1,1,1,171,1),(7232,28,2,1,1,0,1,172,1),(7233,28,2,1,1,1,1,173,1),(7234,28,2,1,1,1,1,174,1),(7235,28,2,1,1,1,1,175,1),(7236,28,2,1,1,1,1,176,1),(7237,28,2,1,1,1,1,177,1),(7238,28,2,1,1,1,1,178,1),(7239,28,2,1,1,1,1,179,1),(7240,28,2,1,1,1,1,180,1),(7241,28,2,1,1,1,1,181,1),(7242,28,2,1,1,1,1,182,1),(7243,28,2,1,1,1,1,183,1),(7244,28,2,1,1,1,1,184,1),(7245,28,2,1,1,1,1,185,1),(7246,28,2,1,0,0,1,186,1),(7247,28,2,1,1,1,1,187,1),(7248,28,2,1,1,0,1,188,1),(7249,28,2,1,1,1,1,189,1),(7250,28,2,1,1,0,1,190,1),(7251,28,2,1,1,1,1,191,1),(7252,28,2,1,1,1,1,192,1),(7253,28,2,1,1,1,1,193,1),(7254,28,2,1,1,1,1,194,1),(7255,28,2,1,1,1,1,195,1),(7256,28,2,1,1,1,1,196,1),(7257,28,2,1,1,1,1,197,1),(7258,28,2,1,0,1,1,198,1),(7259,28,2,1,0,0,1,199,1),(7260,28,2,1,1,1,1,200,1),(7261,28,2,1,1,1,1,201,1),(7262,28,2,1,0,1,1,202,1),(7263,28,2,1,1,1,1,203,1),(7264,28,3,1,1,1,1,204,0),(7265,28,3,1,0,1,1,205,1),(7266,28,3,1,1,1,1,206,1),(7267,28,3,1,1,1,1,207,1),(7268,28,3,1,1,1,1,208,1),(7269,28,3,1,1,1,1,209,1),(7270,28,3,1,1,0,1,210,1),(7271,28,3,1,1,1,1,211,1),(7272,28,3,1,1,1,1,212,1),(7273,28,3,1,0,1,1,213,1),(7274,28,3,1,1,1,1,214,1),(7275,28,3,1,1,1,1,215,1),(7276,28,3,1,1,1,1,216,1),(7277,28,3,1,1,1,1,217,1),(7278,28,3,1,1,1,1,218,1),(7279,28,3,1,1,1,1,219,1),(7280,28,3,1,1,1,1,220,1),(7281,28,3,1,0,1,1,221,1),(7282,28,3,1,1,1,1,222,1),(7283,28,3,1,1,1,1,223,1),(7284,28,3,1,1,1,1,224,1),(7285,28,3,1,1,1,1,225,1),(7286,28,3,1,1,1,1,226,1),(7287,28,3,1,1,0,1,227,1),(7288,28,3,1,1,1,1,228,1),(7289,28,3,1,1,1,1,229,1),(7290,29,1,1,1,1,1,100,1),(7291,29,1,1,1,0,1,101,1),(7292,29,1,1,1,1,1,102,1),(7293,29,1,1,1,1,1,103,1),(7294,29,1,1,1,0,1,104,1),(7295,29,1,1,1,1,1,105,1),(7296,29,1,1,1,1,1,106,1),(7297,29,1,1,1,1,1,107,1),(7298,29,1,1,1,0,1,108,1),(7299,29,1,1,1,1,1,109,1),(7300,29,1,1,1,1,1,110,1),(7301,29,1,1,1,1,1,111,1),(7302,29,1,1,0,1,1,112,1),(7303,29,1,1,0,1,1,113,1),(7304,29,1,1,1,1,1,114,1),(7305,29,1,1,0,1,1,115,1),(7306,29,1,1,1,1,1,116,1),(7307,29,1,1,1,1,1,117,1),(7308,29,1,1,1,1,1,118,1),(7309,29,1,1,1,1,1,119,1),(7310,29,1,1,0,1,1,120,1),(7311,29,1,1,1,1,1,121,1),(7312,29,1,1,0,1,1,122,1),(7313,29,1,1,1,1,1,123,1),(7314,29,1,1,1,1,1,124,1),(7315,29,1,1,1,0,1,125,1),(7316,29,1,1,1,1,1,126,1),(7317,29,1,1,1,1,1,127,1),(7318,29,1,1,1,0,1,128,1),(7319,29,1,1,0,1,1,129,1),(7320,29,1,1,1,1,1,130,1),(7321,29,1,1,1,1,1,131,1),(7322,29,1,1,1,1,1,132,1),(7323,29,1,1,0,1,1,133,1),(7324,29,1,1,0,1,1,134,1),(7325,29,1,1,1,1,1,135,1),(7326,29,1,1,1,1,1,136,1),(7327,29,1,1,0,1,1,137,1),(7328,29,1,1,0,1,1,138,1),(7329,29,1,1,1,1,1,139,1),(7330,29,1,1,1,1,1,140,1),(7331,29,1,1,1,0,1,141,1),(7332,29,1,1,1,1,1,142,1),(7333,29,1,1,1,1,1,143,1),(7334,29,1,1,1,1,1,144,1),(7335,29,1,1,1,1,1,145,1),(7336,29,1,1,0,0,1,146,1),(7337,29,1,1,1,1,1,147,1),(7338,29,1,1,1,1,1,148,1),(7339,29,1,1,1,1,1,149,1),(7340,29,1,1,1,1,1,150,1),(7341,29,1,1,0,0,1,151,1),(7342,29,1,1,1,1,1,152,1),(7343,29,1,1,1,0,1,153,1),(7344,29,1,1,1,1,1,154,1),(7345,29,1,1,1,1,1,155,1),(7346,29,1,1,0,1,1,156,1),(7347,29,1,1,0,1,1,157,1),(7348,29,1,1,0,0,1,158,1),(7349,29,1,1,1,1,1,159,1),(7350,29,2,1,1,1,1,160,1),(7351,29,2,1,1,1,1,161,1),(7352,29,2,1,1,1,1,162,1),(7353,29,2,1,1,1,1,163,1),(7354,29,2,1,1,1,1,164,1),(7355,29,2,1,1,0,1,165,1),(7356,29,2,1,0,1,1,166,1),(7357,29,2,1,0,1,1,167,1),(7358,29,2,1,1,1,1,168,1),(7359,29,2,1,1,1,1,169,1),(7360,29,2,1,1,1,1,170,1),(7361,29,2,1,1,1,1,171,1),(7362,29,2,1,1,1,1,172,1),(7363,29,2,1,1,0,1,173,1),(7364,29,2,1,1,1,1,174,1),(7365,29,2,1,1,1,1,175,1),(7366,29,2,1,0,1,1,176,1),(7367,29,2,1,1,1,1,177,1),(7368,29,2,1,1,1,1,178,1),(7369,29,2,1,1,1,1,179,1),(7370,29,2,1,0,1,1,180,1),(7371,29,2,1,1,1,1,181,1),(7372,29,2,1,1,1,1,182,1),(7373,29,2,1,1,1,1,183,1),(7374,29,2,1,1,1,1,184,1),(7375,29,2,1,0,1,1,185,1),(7376,29,2,1,1,0,1,186,1),(7377,29,2,1,1,0,1,187,1),(7378,29,2,1,0,0,1,188,1),(7379,29,2,1,0,1,1,189,1),(7380,29,2,1,1,1,1,190,1),(7381,29,2,1,1,1,1,191,1),(7382,29,2,1,1,1,1,192,1),(7383,29,2,1,0,1,1,193,1),(7384,29,2,1,1,0,1,194,1),(7385,29,2,1,1,0,1,195,1),(7386,29,2,1,1,1,1,196,1),(7387,29,2,1,1,1,1,197,1),(7388,29,2,1,1,1,1,198,1),(7389,29,2,1,1,1,1,199,1),(7390,29,2,1,1,1,1,200,1),(7391,29,2,1,1,1,1,201,1),(7392,29,2,1,1,1,1,202,1),(7393,29,2,1,1,1,1,203,1),(7394,29,2,1,0,1,1,204,1),(7395,29,2,1,1,1,1,205,1),(7396,29,2,1,1,1,1,206,1),(7397,29,2,1,1,1,1,207,1),(7398,29,2,1,1,1,1,208,1),(7399,29,2,1,1,1,1,209,1),(7400,29,2,1,1,1,1,210,1),(7401,29,2,1,0,1,1,211,1),(7402,29,2,1,0,1,1,212,1),(7403,29,2,1,1,1,1,213,1),(7404,29,2,1,1,0,1,214,1),(7405,29,2,1,1,1,1,215,1),(7406,29,2,1,1,1,1,216,1),(7407,29,2,1,1,1,1,217,1),(7408,29,2,1,1,0,1,218,1),(7409,29,2,1,1,1,1,219,1),(7410,29,2,1,1,1,1,220,1),(7411,29,2,1,1,1,1,221,1),(7412,29,2,1,1,1,1,222,1),(7413,29,2,1,1,1,1,223,1),(7414,29,2,1,1,1,1,224,1),(7415,29,2,1,1,1,1,225,1),(7416,29,2,1,0,0,1,226,1),(7417,29,2,1,1,1,1,227,1),(7418,29,2,1,1,0,1,228,1),(7419,29,2,1,1,1,1,229,1),(7420,29,2,1,1,1,1,230,1),(7421,29,2,1,1,0,1,231,1),(7422,29,2,1,1,1,1,232,1),(7423,29,2,1,1,1,1,233,1),(7424,29,2,1,1,1,1,234,1),(7425,29,2,1,1,1,1,235,1),(7426,29,2,1,1,0,1,236,1),(7427,29,2,1,1,1,1,237,1),(7428,29,2,1,1,1,1,238,1),(7429,29,2,1,1,1,1,239,1),(7430,29,2,1,0,1,1,240,1),(7431,29,2,1,1,1,1,241,1),(7432,29,2,1,0,1,1,242,1),(7433,29,2,1,0,0,1,243,1),(7434,29,2,1,1,1,1,244,1),(7435,29,2,1,1,1,1,245,1),(7436,29,2,1,1,0,1,246,1),(7437,29,2,1,1,1,1,247,1),(7438,29,2,1,1,0,1,248,1),(7439,29,2,1,1,1,1,249,1),(7440,29,2,1,0,1,1,250,1),(7441,29,2,1,1,1,1,251,1),(7442,29,2,1,1,1,1,252,1),(7443,29,2,1,1,1,1,253,1),(7444,29,2,1,1,1,1,254,1),(7445,29,2,1,0,1,1,255,1),(7446,29,2,1,1,1,1,256,1),(7447,29,2,1,0,1,1,257,1),(7448,29,2,1,1,0,1,258,1),(7449,29,2,1,1,1,1,259,1),(7450,29,3,1,1,1,1,260,1),(7451,29,3,1,1,1,1,261,1),(7452,29,3,1,1,1,1,262,1),(7453,29,3,1,1,1,1,263,1),(7454,29,3,1,1,1,1,264,1),(7455,29,3,1,1,1,1,265,1),(7456,29,3,1,1,1,1,266,1),(7457,29,3,1,0,1,1,267,1),(7458,29,3,1,1,1,1,268,1),(7459,29,3,1,0,1,1,269,1),(7460,29,3,1,1,1,1,270,1),(7461,29,3,1,0,1,1,271,1),(7462,29,3,1,1,1,1,272,1),(7463,29,3,1,1,0,1,273,1),(7464,29,3,1,1,1,1,274,1),(7465,29,3,1,0,1,1,275,1),(7466,29,3,1,1,1,1,276,1),(7467,29,3,1,0,1,1,277,1),(7468,29,3,1,1,1,1,278,1),(7469,29,3,1,1,1,1,279,1),(7470,29,3,1,1,0,1,280,1),(7471,29,3,1,1,0,1,281,1),(7472,29,3,1,1,1,1,282,1),(7473,29,3,1,1,1,1,283,1),(7474,29,3,1,1,1,1,284,1),(7475,29,3,1,1,1,1,285,1),(7476,29,3,1,1,1,1,286,1),(7477,29,3,1,1,1,1,287,1),(7478,29,3,1,1,1,1,288,1),(7479,29,3,1,1,1,1,289,1),(7480,29,3,1,0,1,1,290,1),(7481,29,3,1,0,1,1,291,1),(7482,29,3,1,1,0,1,292,1),(7483,29,3,1,1,0,1,293,1),(7484,29,3,1,1,1,1,294,1),(7485,29,3,1,1,0,1,295,1),(7486,29,3,1,1,1,1,296,1),(7487,29,3,1,1,0,1,297,1),(7488,29,3,1,1,1,1,298,1),(7489,29,3,1,1,1,1,299,1),(7490,30,1,1,1,0,1,100,1),(7491,30,1,1,1,0,1,101,1),(7492,30,1,1,1,1,1,102,1),(7493,30,1,1,1,0,1,103,1),(7494,30,1,1,1,0,1,104,1),(7495,30,1,1,1,1,1,105,1),(7496,30,1,1,0,1,1,106,1),(7497,30,1,1,1,1,1,107,1),(7498,30,1,1,1,1,1,108,1),(7499,30,1,1,1,1,1,109,1),(7500,30,1,1,1,1,1,110,1),(7501,30,1,1,1,1,1,111,1),(7502,30,1,1,1,1,1,112,1),(7503,30,1,1,1,1,1,113,1),(7504,30,1,1,1,1,1,114,1),(7505,30,1,1,1,1,1,115,1),(7506,30,1,1,1,0,1,116,1),(7507,30,1,1,1,0,1,117,1),(7508,30,1,1,1,1,1,118,1),(7509,30,1,1,1,0,1,119,1),(7510,30,1,1,1,1,1,120,1),(7511,30,1,1,0,1,1,121,1),(7512,30,1,1,1,0,1,122,1),(7513,30,1,1,0,1,1,123,1),(7514,30,1,1,1,1,1,124,1),(7515,30,1,1,1,1,1,125,1),(7516,30,1,1,1,1,1,126,1),(7517,30,1,1,1,1,1,127,1),(7518,30,1,1,1,0,1,128,1),(7519,30,1,1,1,1,1,129,1),(7520,30,1,1,0,1,1,130,1),(7521,30,1,1,1,1,1,131,1),(7522,30,1,1,1,1,1,132,1),(7523,30,1,1,0,1,1,133,1),(7524,30,1,1,1,1,1,134,1),(7525,30,1,1,1,1,1,135,1),(7526,30,1,1,1,1,1,136,1),(7527,30,1,1,1,1,1,137,1),(7528,30,1,1,0,1,1,138,1),(7529,30,1,1,1,1,1,139,1),(7530,30,1,1,1,1,1,140,1),(7531,30,1,1,1,1,1,141,1),(7532,30,1,1,1,1,1,142,1),(7533,30,1,1,1,1,1,143,1),(7534,30,1,1,1,0,1,144,1),(7535,30,1,1,1,1,1,145,1),(7536,30,1,1,1,1,1,146,1),(7537,30,1,1,1,1,1,147,1),(7538,30,1,1,1,1,1,148,1),(7539,30,1,1,1,1,1,149,1),(7540,30,1,1,1,0,1,150,1),(7541,30,1,1,0,0,1,151,1),(7542,30,1,1,0,1,1,152,1),(7543,30,1,1,0,1,1,153,1),(7544,30,2,1,1,1,1,154,1),(7545,30,2,1,1,1,1,155,1),(7546,30,2,1,0,1,1,156,1),(7547,30,2,1,1,1,1,157,1),(7548,30,2,1,1,1,1,158,1),(7549,30,2,1,1,1,1,159,1),(7550,30,2,1,1,0,1,160,1),(7551,30,2,1,1,0,1,161,1),(7552,30,2,1,1,1,1,162,1),(7553,30,2,1,1,1,1,163,1),(7554,30,2,1,0,1,1,164,1),(7555,30,2,1,1,1,1,165,1),(7556,30,2,1,1,1,1,166,1),(7557,30,2,1,1,1,1,167,1),(7558,30,2,1,1,1,1,168,1),(7559,30,2,1,1,0,1,169,1),(7560,30,2,1,1,1,1,170,1),(7561,30,2,1,1,0,1,171,1),(7562,30,2,1,1,1,1,172,1),(7563,30,2,1,1,0,1,173,1),(7564,30,2,1,1,1,1,174,1),(7565,30,2,1,1,1,1,175,1),(7566,30,2,1,1,1,1,176,1),(7567,30,2,1,1,1,1,177,1),(7568,30,2,1,1,0,1,178,1),(7569,30,2,1,1,1,1,179,1),(7570,30,2,1,0,1,1,180,1),(7571,30,2,1,1,1,1,181,1),(7572,30,2,1,1,1,1,182,1),(7573,30,2,1,0,1,1,183,1),(7574,30,2,1,1,1,1,184,1),(7575,30,2,1,1,1,1,185,1),(7576,30,2,1,1,1,1,186,1),(7577,30,2,1,1,1,1,187,1),(7578,30,2,1,0,1,1,188,1),(7579,30,2,1,0,1,1,189,1),(7580,30,2,1,0,1,1,190,1),(7581,30,2,1,1,1,1,191,1),(7582,30,2,1,1,1,1,192,1),(7583,30,2,1,1,0,1,193,1),(7584,30,2,1,1,0,1,194,1),(7585,30,2,1,1,1,1,195,1),(7586,30,2,1,0,1,1,196,1),(7587,30,2,1,1,1,1,197,1),(7588,30,2,1,1,1,1,198,1),(7589,30,2,1,1,1,1,199,1),(7590,30,2,1,1,1,1,200,1),(7591,30,2,1,1,1,1,201,1),(7592,30,2,1,1,1,1,202,1),(7593,30,2,1,1,1,1,203,1),(7594,30,2,1,1,1,1,204,1),(7595,30,2,1,1,1,1,205,1),(7596,30,2,1,1,1,1,206,1),(7597,30,2,1,1,1,1,207,1),(7598,30,2,1,1,1,1,208,1),(7599,30,2,1,1,1,1,209,1),(7600,30,2,1,1,1,1,210,1),(7601,30,2,1,1,1,1,211,1),(7602,30,2,1,1,0,1,212,1),(7603,30,2,1,1,1,1,213,1),(7604,30,2,1,1,1,1,214,1),(7605,30,2,1,1,1,1,215,1),(7606,30,2,1,1,1,1,216,1),(7607,30,2,1,1,1,1,217,1),(7608,30,2,1,1,1,1,218,1),(7609,30,2,1,1,1,1,219,1),(7610,30,2,1,1,1,1,220,1),(7611,30,2,1,0,1,1,221,1),(7612,30,2,1,1,1,1,222,1),(7613,30,2,1,1,1,1,223,1),(7614,30,2,1,1,1,1,224,1),(7615,30,2,1,1,1,1,225,1),(7616,30,2,1,1,1,1,226,1),(7617,30,2,1,0,1,1,227,1),(7618,30,2,1,0,1,1,228,1),(7619,30,2,1,1,1,1,229,1),(7620,30,2,1,1,1,1,230,1),(7621,30,2,1,1,0,1,231,1),(7622,30,2,1,1,1,1,232,1),(7623,30,2,1,1,1,1,233,1),(7624,30,2,1,1,1,1,234,1),(7625,30,2,1,1,1,1,235,1),(7626,30,2,1,1,1,1,236,1),(7627,30,2,1,0,1,1,237,1),(7628,30,2,1,1,1,1,238,1),(7629,30,2,1,0,1,1,239,1),(7630,30,2,1,1,1,1,240,1),(7631,30,2,1,1,1,1,241,1),(7632,30,2,1,1,1,1,242,1),(7633,30,2,1,1,1,1,243,1),(7634,30,3,1,1,0,1,244,1),(7635,30,3,1,0,0,1,245,1),(7636,30,3,1,1,1,1,246,1),(7637,30,3,1,1,1,1,247,1),(7638,30,3,1,1,0,1,248,1),(7639,30,3,1,0,1,1,249,1),(7640,30,3,1,1,1,1,250,1),(7641,30,3,1,1,1,1,251,1),(7642,30,3,1,1,0,1,252,1),(7643,30,3,1,1,0,1,253,1),(7644,30,3,1,1,1,1,254,1),(7645,30,3,1,1,1,1,255,1),(7646,30,3,1,1,1,1,256,1),(7647,30,3,1,1,1,1,257,1),(7648,30,3,1,1,1,1,258,1),(7649,30,3,1,1,1,1,259,1),(7650,30,3,1,1,1,1,260,1),(7651,30,3,1,1,1,1,261,1),(7652,30,3,1,0,1,1,262,1),(7653,30,3,1,0,0,1,263,1),(7654,30,3,1,1,1,1,264,1),(7655,30,3,1,0,1,1,265,1),(7656,30,3,1,1,1,1,266,1),(7657,30,3,1,1,1,1,267,1),(7658,30,3,1,1,1,1,268,1),(7659,30,3,1,1,1,1,269,1),(7660,30,3,1,1,1,1,270,1),(7661,30,3,1,1,1,1,271,1),(7662,30,3,1,0,1,1,272,1),(7663,30,3,1,0,1,1,273,1),(7664,30,3,1,1,1,1,274,1),(7665,30,3,1,1,1,1,275,1),(7666,30,3,1,1,1,1,276,1),(7667,30,3,1,0,1,1,277,1),(7668,30,3,1,1,1,1,278,1),(7669,30,3,1,1,1,1,279,1),(7670,31,1,1,1,1,1,100,1),(7671,31,1,1,0,1,1,101,1),(7672,31,1,1,0,1,1,102,1),(7673,31,1,1,1,1,1,103,1),(7674,31,1,1,1,1,1,104,1),(7675,31,1,1,0,1,1,105,1),(7676,31,1,1,1,1,1,106,1),(7677,31,1,1,1,0,1,107,1),(7678,31,1,1,0,1,1,108,1),(7679,31,1,1,0,1,1,109,1),(7680,31,1,1,1,0,1,110,1),(7681,31,1,1,1,1,1,111,1),(7682,31,1,1,0,1,1,112,1),(7683,31,1,1,1,1,1,113,1),(7684,31,1,1,0,1,1,114,1),(7685,31,1,1,1,1,1,115,1),(7686,31,1,1,1,1,1,116,1),(7687,31,1,1,1,1,1,117,1),(7688,31,1,1,1,1,1,118,1),(7689,31,1,1,1,1,1,119,1),(7690,31,1,1,0,1,1,120,1),(7691,31,1,1,1,1,1,121,1),(7692,31,1,1,1,1,1,122,1),(7693,31,1,1,1,1,1,123,1),(7694,31,1,1,1,1,1,124,1),(7695,31,1,1,1,1,1,125,1),(7696,31,1,1,1,1,1,126,1),(7697,31,1,1,1,0,1,127,1),(7698,31,1,1,0,1,1,128,1),(7699,31,1,1,0,1,1,129,1),(7700,31,1,1,1,1,1,130,1),(7701,31,1,1,1,0,1,131,1),(7702,31,1,1,1,1,1,132,1),(7703,31,1,1,0,1,1,133,1),(7704,31,1,1,1,1,1,134,1),(7705,31,1,1,1,1,1,135,1),(7706,31,1,1,1,1,1,136,1),(7707,31,1,1,0,0,1,137,1),(7708,31,1,1,0,0,1,138,1),(7709,31,1,1,1,1,1,139,1),(7710,31,1,1,1,0,1,140,1),(7711,31,1,1,1,1,1,141,1),(7712,31,1,1,0,1,1,142,1),(7713,31,1,1,0,0,1,143,1),(7714,31,1,1,0,0,1,144,1),(7715,31,1,1,1,1,1,145,1),(7716,31,1,1,1,1,1,146,1),(7717,31,1,1,0,1,1,147,1),(7718,31,1,1,1,1,1,148,1),(7719,31,1,1,1,0,1,149,1),(7720,31,1,1,1,1,1,150,1),(7721,31,1,1,0,1,1,151,1),(7722,31,1,1,1,0,1,152,1),(7723,31,1,1,0,1,1,153,1),(7724,31,1,1,1,0,1,154,1),(7725,31,1,1,1,1,1,155,1),(7726,31,1,1,1,1,1,156,1),(7727,31,1,1,1,0,1,157,1),(7728,31,1,1,1,0,1,158,1),(7729,31,1,1,1,1,1,159,1),(7730,31,1,1,1,1,1,160,1),(7731,31,1,1,0,0,1,161,1),(7732,31,1,1,1,1,1,162,1),(7733,31,1,1,1,1,1,163,1),(7734,31,1,1,0,1,1,164,1),(7735,31,1,1,0,1,1,165,1),(7736,31,2,1,1,1,1,166,1),(7737,31,2,1,1,0,1,167,1),(7738,31,2,1,0,1,1,168,1),(7739,31,2,1,1,1,1,169,1),(7740,31,2,1,0,1,1,170,1),(7741,31,2,1,1,0,1,171,1),(7742,31,2,1,1,0,1,172,1),(7743,31,2,1,1,1,1,173,1),(7744,31,2,1,1,0,1,174,1),(7745,31,2,1,0,1,1,175,1),(7746,31,2,1,0,0,1,176,1),(7747,31,2,1,0,1,1,177,1),(7748,31,2,1,1,1,1,178,1),(7749,31,2,1,0,1,1,179,1),(7750,31,2,1,1,1,1,180,1),(7751,31,2,1,0,1,1,181,1),(7752,31,2,1,1,1,1,182,1),(7753,31,2,1,1,1,1,183,1),(7754,31,2,1,1,1,1,184,1),(7755,31,2,1,1,1,1,185,1),(7756,31,2,1,0,1,1,186,1),(7757,31,2,1,1,1,1,187,1),(7758,31,2,1,1,1,1,188,1),(7759,31,2,1,1,1,1,189,1),(7760,31,2,1,1,1,1,190,1),(7761,31,2,1,0,1,1,191,1),(7762,31,2,1,1,0,1,192,1),(7763,31,2,1,1,1,1,193,1),(7764,31,2,1,1,1,1,194,1),(7765,31,2,1,1,1,1,195,1),(7766,31,2,1,1,0,1,196,1),(7767,31,2,1,1,1,1,197,1),(7768,31,2,1,0,0,1,198,1),(7769,31,2,1,1,1,1,199,1),(7770,31,2,1,1,1,1,200,1),(7771,31,2,1,1,1,1,201,1),(7772,31,2,1,1,1,1,202,1),(7773,31,2,1,1,1,1,203,1),(7774,31,2,1,0,1,1,204,1),(7775,31,2,1,1,1,1,205,1),(7776,31,2,1,1,1,1,206,1),(7777,31,2,1,1,1,1,207,1),(7778,31,2,1,1,1,1,208,1),(7779,31,2,1,1,1,1,209,1),(7780,31,2,1,1,0,1,210,1),(7781,31,2,1,1,1,1,211,1),(7782,31,2,1,0,1,1,212,1),(7783,31,2,1,1,1,1,213,1),(7784,31,2,1,1,1,1,214,1),(7785,31,2,1,1,1,1,215,1),(7786,31,2,1,1,1,1,216,1),(7787,31,2,1,0,1,1,217,1),(7788,31,2,1,1,1,1,218,1),(7789,31,2,1,1,1,1,219,1),(7790,31,2,1,1,1,1,220,1),(7791,31,2,1,1,1,1,221,1),(7792,31,2,1,0,1,1,222,1),(7793,31,2,1,1,1,1,223,1),(7794,31,2,1,1,1,1,224,1),(7795,31,2,1,1,1,1,225,1),(7796,31,2,1,1,0,1,226,1),(7797,31,2,1,1,1,1,227,1),(7798,31,2,1,1,1,1,228,1),(7799,31,2,1,1,1,1,229,1),(7800,31,2,1,0,1,1,230,1),(7801,31,2,1,1,1,1,231,1),(7802,31,2,1,1,1,1,232,1),(7803,31,2,1,0,1,1,233,1),(7804,31,2,1,1,1,1,234,1),(7805,31,2,1,1,1,1,235,1),(7806,31,2,1,1,1,1,236,1),(7807,31,2,1,0,1,1,237,1),(7808,31,2,1,1,1,1,238,1),(7809,31,2,1,0,1,1,239,1),(7810,31,2,1,1,1,1,240,1),(7811,31,2,1,1,0,1,241,1),(7812,31,2,1,1,1,1,242,1),(7813,31,2,1,0,1,1,243,1),(7814,31,2,1,1,1,1,244,1),(7815,31,2,1,1,1,1,245,1),(7816,31,2,1,0,1,1,246,1),(7817,31,2,1,1,1,1,247,1),(7818,31,2,1,1,1,1,248,1),(7819,31,2,1,1,0,1,249,1),(7820,31,2,1,0,1,1,250,1),(7821,31,2,1,1,0,1,251,1),(7822,31,2,1,1,1,1,252,1),(7823,31,2,1,1,1,1,253,1),(7824,31,2,1,1,1,1,254,1),(7825,31,2,1,1,1,1,255,1),(7826,31,2,1,1,1,1,256,1),(7827,31,2,1,1,1,1,257,1),(7828,31,2,1,1,1,1,258,1),(7829,31,2,1,1,1,1,259,1),(7830,31,2,1,0,1,1,260,1),(7831,31,2,1,1,1,1,261,1),(7832,31,2,1,1,1,1,262,1),(7833,31,2,1,1,0,1,263,1),(7834,31,2,1,0,0,1,264,1),(7835,31,2,1,1,1,1,265,1),(7836,31,2,1,1,1,1,266,1),(7837,31,2,1,1,1,1,267,1),(7838,31,2,1,0,1,1,268,1),(7839,31,2,1,1,0,1,269,1),(7840,31,2,1,1,1,1,270,1),(7841,31,2,1,1,1,1,271,1),(7842,31,2,1,1,0,1,272,1),(7843,31,2,1,1,1,1,273,1),(7844,31,2,1,1,1,1,274,1),(7845,31,2,1,0,0,1,275,1),(7846,31,3,1,0,1,1,276,1),(7847,31,3,1,0,1,1,277,1),(7848,31,3,1,0,1,1,278,1),(7849,31,3,1,1,0,1,279,1),(7850,31,3,1,1,1,1,280,1),(7851,31,3,1,0,1,1,281,1),(7852,31,3,1,1,1,1,282,1),(7853,31,3,1,1,1,1,283,1),(7854,31,3,1,0,0,1,284,1),(7855,31,3,1,0,0,1,285,1),(7856,31,3,1,1,1,1,286,1),(7857,31,3,1,1,1,1,287,1),(7858,31,3,1,1,1,1,288,1),(7859,31,3,1,1,0,1,289,1),(7860,31,3,1,1,1,1,290,1),(7861,31,3,1,1,1,1,291,1),(7862,31,3,1,1,1,1,292,1),(7863,31,3,1,1,1,1,293,1),(7864,31,3,1,1,1,1,294,1),(7865,31,3,1,1,1,1,295,1),(7866,31,3,1,1,1,1,296,1),(7867,31,3,1,1,1,1,297,1),(7868,31,3,1,1,0,1,298,1),(7869,31,3,1,1,1,1,299,1),(7870,31,3,1,1,1,1,300,1),(7871,31,3,1,1,1,1,301,1),(7872,31,3,1,1,1,1,302,1),(7873,31,3,1,1,1,1,303,1),(7874,31,3,1,1,1,1,304,1),(7875,31,3,1,1,1,1,305,1),(7876,31,3,1,1,1,1,306,1),(7877,31,3,1,1,0,1,307,1),(7878,31,3,1,0,1,1,308,1),(7879,31,3,1,1,1,1,309,1),(7880,31,3,1,1,1,1,310,1),(7881,31,3,1,0,1,1,311,1),(7882,31,3,1,0,1,1,312,1),(7883,31,3,1,0,0,1,313,1),(7884,31,3,1,1,0,1,314,1),(7885,31,3,1,1,1,1,315,1),(7886,31,3,1,1,0,1,316,1),(7887,31,3,1,0,1,1,317,1),(7888,31,3,1,1,1,1,318,1),(7889,31,3,1,1,0,1,319,1),(7890,32,1,1,1,1,1,100,1),(7891,32,1,1,1,1,1,101,1),(7892,32,1,1,0,1,1,102,1),(7893,32,1,1,1,0,1,103,1),(7894,32,1,1,1,1,1,104,1),(7895,32,1,1,1,1,1,105,1),(7896,32,1,1,1,1,1,106,1),(7897,32,1,1,0,0,1,107,1),(7898,32,1,1,0,1,1,108,1),(7899,32,1,1,1,1,1,109,1),(7900,32,1,1,0,1,1,110,1),(7901,32,1,1,1,1,1,111,1),(7902,32,1,1,1,1,1,112,1),(7903,32,1,1,1,1,1,113,1),(7904,32,1,1,0,1,1,114,1),(7905,32,1,1,1,0,1,115,1),(7906,32,1,1,1,1,1,116,1),(7907,32,1,1,1,1,1,117,1),(7908,32,1,1,1,1,1,118,1),(7909,32,1,1,1,0,1,119,1),(7910,32,1,1,1,0,1,120,1),(7911,32,1,1,0,1,1,121,1),(7912,32,1,1,0,0,1,122,1),(7913,32,1,1,1,1,1,123,1),(7914,32,1,1,1,1,1,124,1),(7915,32,1,1,1,1,1,125,1),(7916,32,1,1,0,0,1,126,1),(7917,32,1,1,0,1,1,127,1),(7918,32,1,1,0,0,1,128,1),(7919,32,1,1,1,0,1,129,1),(7920,32,1,1,0,1,1,130,1),(7921,32,1,1,1,1,1,131,1),(7922,32,1,1,1,1,1,132,1),(7923,32,1,1,1,1,1,133,1),(7924,32,1,1,1,0,1,134,1),(7925,32,1,1,1,1,1,135,1),(7926,32,1,1,0,1,1,136,1),(7927,32,1,1,1,1,1,137,1),(7928,32,1,1,1,1,1,138,1),(7929,32,1,1,1,0,1,139,1),(7930,32,1,1,1,1,1,140,1),(7931,32,1,1,1,0,1,141,1),(7932,32,1,1,1,1,1,142,1),(7933,32,1,1,1,0,1,143,1),(7934,32,1,1,1,1,1,144,1),(7935,32,1,1,0,1,1,145,1),(7936,32,1,1,1,1,1,146,1),(7937,32,1,1,1,0,1,147,1),(7938,32,1,1,0,1,1,148,1),(7939,32,1,1,1,1,1,149,1),(7940,32,1,1,1,1,1,150,1),(7941,32,1,1,1,0,1,151,1),(7942,32,1,1,1,1,1,152,1),(7943,32,1,1,0,1,1,153,1),(7944,32,1,1,0,1,1,154,1),(7945,32,1,1,1,1,1,155,1),(7946,32,1,1,0,1,1,156,1),(7947,32,1,1,1,1,1,157,1),(7948,32,1,1,1,0,1,158,1),(7949,32,1,1,1,0,1,159,1),(7950,32,1,1,1,1,1,160,1),(7951,32,1,1,1,1,1,161,1),(7952,32,1,1,1,1,1,162,1),(7953,32,2,1,1,0,1,163,1),(7954,32,2,1,1,1,1,164,1),(7955,32,2,1,1,1,1,165,1),(7956,32,2,1,1,0,1,166,1),(7957,32,2,1,1,1,1,167,1),(7958,32,2,1,1,1,1,168,1),(7959,32,2,1,1,1,1,169,1),(7960,32,2,1,0,1,1,170,1),(7961,32,2,1,1,1,1,171,1),(7962,32,2,1,1,0,1,172,1),(7963,32,2,1,1,1,1,173,1),(7964,32,2,1,1,0,1,174,1),(7965,32,2,1,1,0,1,175,1),(7966,32,2,1,0,1,1,176,1),(7967,32,2,1,1,1,1,177,1),(7968,32,2,1,1,1,1,178,1),(7969,32,2,1,0,1,1,179,1),(7970,32,2,1,1,0,1,180,1),(7971,32,2,1,1,1,1,181,1),(7972,32,2,1,1,1,1,182,1),(7973,32,2,1,1,0,1,183,1),(7974,32,2,1,1,1,1,184,1),(7975,32,2,1,0,1,1,185,1),(7976,32,2,1,0,1,1,186,1),(7977,32,2,1,1,0,1,187,1),(7978,32,2,1,1,1,1,188,1),(7979,32,2,1,1,1,1,189,1),(7980,32,2,1,1,1,1,190,1),(7981,32,2,1,1,1,1,191,1),(7982,32,2,1,1,0,1,192,1),(7983,32,2,1,1,1,1,193,1),(7984,32,2,1,1,1,1,194,1),(7985,32,2,1,0,1,1,195,1),(7986,32,2,1,1,1,1,196,1),(7987,32,2,1,1,1,1,197,1),(7988,32,2,1,1,1,1,198,1),(7989,32,2,1,0,1,1,199,1),(7990,32,2,1,1,1,1,200,1),(7991,32,2,1,1,1,1,201,1),(7992,32,2,1,1,1,1,202,1),(7993,32,2,1,1,1,1,203,1),(7994,32,2,1,1,1,1,204,1),(7995,32,2,1,1,1,1,205,1),(7996,32,2,1,0,1,1,206,1),(7997,32,2,1,0,1,1,207,1),(7998,32,2,1,1,0,1,208,1),(7999,32,2,1,0,1,1,209,1),(8000,32,2,1,1,1,1,210,1),(8001,32,2,1,1,1,1,211,1),(8002,32,2,1,0,1,1,212,1),(8003,32,2,1,1,1,1,213,1),(8004,32,2,1,0,1,1,214,1),(8005,32,2,1,1,1,1,215,1),(8006,32,2,1,1,1,1,216,1),(8007,32,2,1,1,1,1,217,1),(8008,32,2,1,1,1,1,218,1),(8009,32,2,1,0,1,1,219,1),(8010,32,2,1,1,1,1,220,1),(8011,32,2,1,1,1,1,221,1),(8012,32,2,1,1,1,1,222,1),(8013,32,2,1,1,0,1,223,1),(8014,32,2,1,1,1,1,224,1),(8015,32,2,1,1,1,1,225,1),(8016,32,2,1,0,1,1,226,1),(8017,32,2,1,1,1,1,227,1),(8018,32,2,1,1,1,1,228,1),(8019,32,2,1,1,1,1,229,1),(8020,32,2,1,1,1,1,230,1),(8021,32,2,1,0,1,1,231,1),(8022,32,2,1,1,1,1,232,1),(8023,32,2,1,1,1,1,233,1),(8024,32,2,1,1,1,1,234,1),(8025,32,2,1,1,1,1,235,1),(8026,32,2,1,0,0,1,236,1),(8027,32,2,1,1,0,1,237,1),(8028,32,2,1,1,0,1,238,1),(8029,32,2,1,1,1,1,239,1),(8030,32,2,1,1,1,1,240,1),(8031,32,2,1,1,1,1,241,1),(8032,32,2,1,1,1,1,242,1),(8033,32,2,1,0,1,1,243,1),(8034,32,2,1,1,1,1,244,1),(8035,32,2,1,1,1,1,245,1),(8036,32,2,1,1,1,1,246,1),(8037,32,2,1,0,1,1,247,1),(8038,32,2,1,1,1,1,248,1),(8039,32,2,1,1,0,1,249,1),(8040,32,2,1,1,1,1,250,1),(8041,32,2,1,1,1,1,251,1),(8042,32,2,1,1,1,1,252,1),(8043,32,2,1,0,0,1,253,1),(8044,32,2,1,1,1,1,254,1),(8045,32,2,1,1,0,1,255,1),(8046,32,2,1,1,1,1,256,1),(8047,32,2,1,1,1,1,257,1),(8048,32,2,1,1,1,1,258,1),(8049,32,2,1,1,0,1,259,1),(8050,32,2,1,1,1,1,260,1),(8051,32,2,1,1,1,1,261,1),(8052,32,2,1,1,1,1,262,1),(8053,32,2,1,0,1,1,263,1),(8054,32,2,1,1,1,1,264,1),(8055,32,2,1,1,1,1,265,1),(8056,32,2,1,1,0,1,266,1),(8057,32,2,1,1,1,1,267,1),(8058,32,3,1,1,1,1,268,1),(8059,32,3,1,1,1,1,269,1),(8060,32,3,1,1,1,1,270,1),(8061,32,3,1,1,1,1,271,1),(8062,32,3,1,0,0,1,272,1),(8063,32,3,1,1,0,1,273,1),(8064,32,3,1,0,1,1,274,1),(8065,32,3,1,0,1,1,275,1),(8066,32,3,1,1,1,1,276,1),(8067,32,3,1,1,1,1,277,1),(8068,32,3,1,0,1,1,278,1),(8069,32,3,1,1,1,1,279,1),(8070,32,3,1,1,1,1,280,1),(8071,32,3,1,1,1,1,281,1),(8072,32,3,1,0,0,1,282,1),(8073,32,3,1,1,1,1,283,1),(8074,32,3,1,0,1,1,284,1),(8075,32,3,1,1,1,1,285,1),(8076,32,3,1,1,1,1,286,1),(8077,32,3,1,1,0,1,287,1),(8078,32,3,1,1,1,1,288,1),(8079,32,3,1,1,1,1,289,1),(8080,32,3,1,1,1,1,290,1),(8081,32,3,1,1,0,1,291,1),(8082,32,3,1,0,1,1,292,1),(8083,32,3,1,0,1,1,293,1),(8084,32,3,1,1,1,1,294,1),(8085,32,3,1,0,1,1,295,1),(8086,32,3,1,1,1,1,296,1),(8087,32,3,1,0,1,1,297,1),(8088,32,3,1,1,1,1,298,1),(8089,32,3,1,1,1,1,299,1),(8090,32,3,1,0,1,1,300,1),(8091,32,3,1,0,1,1,301,1),(8092,32,3,1,0,0,1,302,1),(8093,32,3,1,1,0,1,303,1),(8094,32,3,1,1,1,1,304,1),(8095,32,3,1,1,0,1,305,1),(8096,32,3,1,0,1,1,306,1),(8097,32,3,1,1,1,1,307,1),(8098,32,3,1,1,1,1,308,1),(8099,32,3,1,1,1,1,309,1),(8100,33,1,1,1,1,1,100,1),(8101,33,1,1,0,1,1,101,1),(8102,33,1,1,1,0,1,102,1),(8103,33,1,1,0,1,1,103,1),(8104,33,1,1,1,0,1,104,1),(8105,33,1,1,1,1,1,105,1),(8106,33,1,1,1,1,1,106,1),(8107,33,1,1,1,1,1,107,1),(8108,33,1,1,1,1,1,108,1),(8109,33,1,1,1,0,1,109,1),(8110,33,1,1,0,1,1,110,1),(8111,33,1,1,1,1,1,111,1),(8112,33,1,1,0,1,1,112,1),(8113,33,1,1,1,1,1,113,1),(8114,33,1,1,0,1,1,114,1),(8115,33,1,1,1,1,1,115,1),(8116,33,1,1,1,0,1,116,1),(8117,33,1,1,1,0,1,117,1),(8118,33,1,1,1,1,1,118,1),(8119,33,1,1,0,0,1,119,1),(8120,33,1,1,1,1,1,120,1),(8121,33,1,1,1,1,1,121,1),(8122,33,1,1,1,1,1,122,1),(8123,33,1,1,1,1,1,123,1),(8124,33,1,1,1,1,1,124,1),(8125,33,1,1,1,1,1,125,1),(8126,33,1,1,1,1,1,126,1),(8127,33,1,1,1,1,1,127,1),(8128,33,1,1,1,1,1,128,1),(8129,33,1,1,0,1,1,129,1),(8130,33,1,1,0,1,1,130,1),(8131,33,1,1,1,1,1,131,1),(8132,33,1,1,1,1,1,132,1),(8133,33,1,1,0,1,1,133,1),(8134,33,1,1,1,1,1,134,1),(8135,33,1,1,1,1,1,135,1),(8136,33,1,1,1,1,1,136,1),(8137,33,1,1,1,1,1,137,1),(8138,33,1,1,1,1,1,138,1),(8139,33,1,1,1,1,1,139,1),(8140,33,1,1,1,0,1,140,1),(8141,33,1,1,1,0,1,141,1),(8142,33,1,1,1,0,1,142,1),(8143,33,1,1,0,1,1,143,1),(8144,33,1,1,1,1,1,144,1),(8145,33,1,1,1,1,1,145,1),(8146,33,1,1,1,1,1,146,1),(8147,33,1,1,1,1,1,147,1),(8148,33,1,1,1,1,1,148,1),(8149,33,1,1,0,1,1,149,1),(8150,33,1,1,1,1,1,150,1),(8151,33,1,1,1,1,1,151,1),(8152,33,1,1,1,1,1,152,1),(8153,33,1,1,1,1,1,153,1),(8154,33,1,1,1,1,1,154,1),(8155,33,1,1,1,1,1,155,1),(8156,33,1,1,1,1,1,156,1),(8157,33,1,1,1,0,1,157,1),(8158,33,1,1,1,0,1,158,1),(8159,33,1,1,0,1,1,159,1),(8160,33,1,1,1,1,1,160,1),(8161,33,1,1,1,1,1,161,1),(8162,33,1,1,1,1,1,162,1),(8163,33,1,1,0,1,1,163,1),(8164,33,1,1,0,0,1,164,1),(8165,33,1,1,1,1,1,165,1),(8166,33,1,1,1,0,1,166,1),(8167,33,1,1,0,1,1,167,1),(8168,33,1,1,0,1,1,168,1),(8169,33,2,1,1,1,1,169,1),(8170,33,2,1,0,0,1,170,1),(8171,33,2,1,0,1,1,171,1),(8172,33,2,1,1,1,1,172,1),(8173,33,2,1,0,1,1,173,1),(8174,33,2,1,0,1,1,174,1),(8175,33,2,1,1,1,1,175,1),(8176,33,2,1,0,0,1,176,1),(8177,33,2,1,1,1,1,177,1),(8178,33,2,1,1,1,1,178,1),(8179,33,2,1,1,1,1,179,1),(8180,33,2,1,1,1,1,180,1),(8181,33,2,1,1,1,1,181,1),(8182,33,2,1,1,1,1,182,1),(8183,33,2,1,1,0,1,183,1),(8184,33,2,1,1,1,1,184,1),(8185,33,2,1,1,1,1,185,1),(8186,33,2,1,1,0,1,186,1),(8187,33,2,1,1,1,1,187,1),(8188,33,2,1,1,1,1,188,1),(8189,33,2,1,1,1,1,189,1),(8190,33,2,1,1,0,1,190,1),(8191,33,2,1,1,1,1,191,1),(8192,33,2,1,1,1,1,192,1),(8193,33,2,1,1,1,1,193,1),(8194,33,2,1,1,0,1,194,1),(8195,33,2,1,1,1,1,195,1),(8196,33,2,1,1,1,1,196,1),(8197,33,2,1,1,1,1,197,1),(8198,33,2,1,1,1,1,198,1),(8199,33,2,1,0,0,1,199,1),(8200,33,2,1,1,1,1,200,1),(8201,33,2,1,1,1,1,201,1),(8202,33,2,1,1,1,1,202,1),(8203,33,2,1,1,1,1,203,1),(8204,33,2,1,1,1,1,204,1),(8205,33,2,1,1,1,1,205,1),(8206,33,2,1,0,1,1,206,1),(8207,33,2,1,1,1,1,207,1),(8208,33,2,1,0,1,1,208,1),(8209,33,2,1,1,1,1,209,1),(8210,33,2,1,1,0,1,210,1),(8211,33,2,1,0,1,1,211,1),(8212,33,2,1,1,1,1,212,1),(8213,33,2,1,1,1,1,213,1),(8214,33,2,1,1,1,1,214,1),(8215,33,2,1,0,1,1,215,1),(8216,33,2,1,1,1,1,216,1),(8217,33,2,1,0,1,1,217,1),(8218,33,2,1,1,1,1,218,1),(8219,33,2,1,1,1,1,219,1),(8220,33,2,1,1,0,1,220,1),(8221,33,2,1,1,1,1,221,1),(8222,33,2,1,1,1,1,222,1),(8223,33,2,1,1,1,1,223,1),(8224,33,2,1,1,1,1,224,1),(8225,33,2,1,1,0,1,225,1),(8226,33,2,1,1,0,1,226,1),(8227,33,2,1,1,0,1,227,1),(8228,33,2,1,1,0,1,228,1),(8229,33,2,1,0,0,1,229,1),(8230,33,2,1,1,0,1,230,1),(8231,33,2,1,1,1,1,231,1),(8232,33,2,1,1,1,1,232,1),(8233,33,2,1,1,1,1,233,1),(8234,33,2,1,1,1,1,234,1),(8235,33,2,1,0,1,1,235,1),(8236,33,2,1,0,0,1,236,1),(8237,33,2,1,1,1,1,237,1),(8238,33,2,1,1,1,1,238,1),(8239,33,2,1,1,1,1,239,1),(8240,33,2,1,1,1,1,240,1),(8241,33,2,1,1,1,1,241,1),(8242,33,2,1,0,1,1,242,1),(8243,33,2,1,1,1,1,243,1),(8244,33,2,1,1,1,1,244,1),(8245,33,2,1,1,1,1,245,1),(8246,33,2,1,1,1,1,246,1),(8247,33,2,1,1,0,1,247,1),(8248,33,2,1,1,1,1,248,1),(8249,33,2,1,1,1,1,249,1),(8250,33,2,1,0,1,1,250,1),(8251,33,2,1,0,0,1,251,1),(8252,33,2,1,1,1,1,252,1),(8253,33,2,1,1,1,1,253,1),(8254,33,2,1,1,1,1,254,1),(8255,33,2,1,1,1,1,255,1),(8256,33,2,1,1,1,1,256,1),(8257,33,2,1,1,1,1,257,1),(8258,33,2,1,1,1,1,258,1),(8259,33,2,1,0,1,1,259,1),(8260,33,2,1,1,1,1,260,1),(8261,33,2,1,1,0,1,261,1),(8262,33,2,1,1,1,1,262,1),(8263,33,2,1,1,1,1,263,1),(8264,33,2,1,1,1,1,264,1),(8265,33,2,1,1,1,1,265,1),(8266,33,2,1,1,0,1,266,1),(8267,33,2,1,0,1,1,267,1),(8268,33,2,1,0,1,1,268,1),(8269,33,2,1,1,0,1,269,1),(8270,33,2,1,1,0,1,270,1),(8271,33,2,1,0,1,1,271,1),(8272,33,2,1,0,1,1,272,1),(8273,33,2,1,1,1,1,273,1),(8274,33,2,1,1,1,1,274,1),(8275,33,2,1,1,0,1,275,1),(8276,33,2,1,1,1,1,276,1),(8277,33,2,1,1,0,1,277,1),(8278,33,2,1,0,1,1,278,1),(8279,33,2,1,1,1,1,279,1),(8280,33,2,1,0,1,1,280,1),(8281,33,2,1,1,0,1,281,1),(8282,33,2,1,0,1,1,282,1),(8283,33,2,1,1,1,1,283,1),(8284,33,3,1,1,1,1,284,1),(8285,33,3,1,1,1,1,285,1),(8286,33,3,1,1,1,1,286,1),(8287,33,3,1,0,1,1,287,1),(8288,33,3,1,0,1,1,288,1),(8289,33,3,1,1,0,1,289,1),(8290,33,3,1,1,1,1,290,1),(8291,33,3,1,1,1,1,291,1),(8292,33,3,1,0,0,1,292,1),(8293,33,3,1,1,1,1,293,1),(8294,33,3,1,1,1,1,294,1),(8295,33,3,1,1,1,1,295,1),(8296,33,3,1,1,1,1,296,1),(8297,33,3,1,1,1,1,297,1),(8298,33,3,1,1,1,1,298,1),(8299,33,3,1,1,1,1,299,1),(8300,33,3,1,1,1,1,300,1),(8301,33,3,1,1,0,1,301,1),(8302,33,3,1,1,1,1,302,1),(8303,33,3,1,1,1,1,303,1),(8304,33,3,1,0,1,1,304,1),(8305,33,3,1,0,1,1,305,1),(8306,33,3,1,0,1,1,306,1),(8307,33,3,1,1,1,1,307,1),(8308,33,3,1,1,1,1,308,1),(8309,33,3,1,1,1,1,309,1),(8310,33,3,1,1,1,1,310,1),(8311,33,3,1,1,0,1,311,1),(8312,33,3,1,1,0,1,312,1),(8313,33,3,1,1,1,1,313,1),(8314,33,3,1,1,1,1,314,1),(8315,33,3,1,1,1,1,315,1),(8316,33,3,1,1,1,1,316,1),(8317,33,3,1,1,0,1,317,1),(8318,33,3,1,1,0,1,318,1),(8319,33,3,1,1,0,1,319,1),(8320,33,3,1,1,1,1,320,1),(8321,33,3,1,1,1,1,321,1),(8322,33,3,1,1,1,1,322,1),(8323,33,3,1,1,1,1,323,1),(8324,33,3,1,1,1,1,324,1),(8325,33,3,1,1,1,1,325,1),(8326,33,3,1,1,1,1,326,1),(8327,33,3,1,1,1,1,327,1),(8328,33,3,1,1,1,1,328,1),(8329,33,3,1,1,1,1,329,1),(8330,34,1,1,1,1,1,100,1),(8331,34,1,1,0,1,1,101,1),(8332,34,1,1,1,1,1,102,1),(8333,34,1,1,1,1,1,103,1),(8334,34,1,1,0,1,1,104,1),(8335,34,1,1,1,1,1,105,1),(8336,34,1,1,0,1,1,106,1),(8337,34,1,1,0,1,1,107,1),(8338,34,1,1,1,0,1,108,1),(8339,34,1,1,0,1,1,109,1),(8340,34,1,1,1,1,1,110,1),(8341,34,1,1,1,1,1,111,1),(8342,34,1,1,1,1,1,112,1),(8343,34,1,1,0,1,1,113,1),(8344,34,1,1,1,1,1,114,1),(8345,34,1,1,1,1,1,115,1),(8346,34,1,1,1,1,1,116,1),(8347,34,1,1,0,1,1,117,1),(8348,34,1,1,1,0,1,118,1),(8349,34,1,1,1,1,1,119,1),(8350,34,1,1,1,1,1,120,1),(8351,34,1,1,1,1,1,121,1),(8352,34,1,1,1,0,1,122,1),(8353,34,1,1,0,0,1,123,1),(8354,34,1,1,1,1,1,124,1),(8355,34,1,1,1,1,1,125,1),(8356,34,1,1,1,1,1,126,1),(8357,34,1,1,1,1,1,127,1),(8358,34,1,1,1,1,1,128,1),(8359,34,1,1,1,1,1,129,1),(8360,34,1,1,1,1,1,130,1),(8361,34,1,1,0,0,1,131,1),(8362,34,1,1,1,0,1,132,1),(8363,34,1,1,1,1,1,133,1),(8364,34,1,1,0,1,1,134,1),(8365,34,1,1,1,1,1,135,1),(8366,34,1,1,1,1,1,136,1),(8367,34,1,1,1,1,1,137,1),(8368,34,1,1,1,1,1,138,1),(8369,34,1,1,1,1,1,139,1),(8370,34,1,1,1,1,1,140,1),(8371,34,1,1,1,1,1,141,1),(8372,34,1,1,1,0,1,142,1),(8373,34,1,1,0,1,1,143,1),(8374,34,1,1,1,1,1,144,1),(8375,34,1,1,1,0,1,145,1),(8376,34,1,1,1,1,1,146,1),(8377,34,1,1,1,0,1,147,1),(8378,34,1,1,1,1,1,148,1),(8379,34,1,1,1,1,1,149,1),(8380,34,1,1,0,0,1,150,1),(8381,34,2,1,1,1,1,151,1),(8382,34,2,1,1,1,1,152,1),(8383,34,2,1,1,1,1,153,1),(8384,34,2,1,0,1,1,154,1),(8385,34,2,1,1,1,1,155,1),(8386,34,2,1,1,0,1,156,1),(8387,34,2,1,1,1,1,157,1),(8388,34,2,1,1,1,1,158,1),(8389,34,2,1,1,1,1,159,1),(8390,34,2,1,0,1,1,160,1),(8391,34,2,1,1,1,1,161,1),(8392,34,2,1,1,1,1,162,1),(8393,34,2,1,1,1,1,163,1),(8394,34,2,1,1,1,1,164,1),(8395,34,2,1,1,1,1,165,1),(8396,34,2,1,1,1,1,166,1),(8397,34,2,1,1,1,1,167,1),(8398,34,2,1,1,1,1,168,1),(8399,34,2,1,1,1,1,169,1),(8400,34,2,1,1,1,1,170,1),(8401,34,2,1,1,1,1,171,1),(8402,34,2,1,1,1,1,172,1),(8403,34,2,1,1,1,1,173,1),(8404,34,2,1,1,1,1,174,1),(8405,34,2,1,1,1,1,175,1),(8406,34,2,1,1,1,1,176,1),(8407,34,2,1,0,1,1,177,1),(8408,34,2,1,1,1,1,178,1),(8409,34,2,1,0,0,1,179,1),(8410,34,2,1,1,1,1,180,1),(8411,34,2,1,1,1,1,181,1),(8412,34,2,1,1,1,1,182,1),(8413,34,2,1,1,0,1,183,1),(8414,34,2,1,1,1,1,184,1),(8415,34,2,1,1,0,1,185,1),(8416,34,2,1,0,1,1,186,1),(8417,34,2,1,1,1,1,187,1),(8418,34,2,1,1,1,1,188,1),(8419,34,2,1,1,1,1,189,1),(8420,34,2,1,1,0,1,190,1),(8421,34,2,1,1,1,1,191,1),(8422,34,2,1,0,1,1,192,1),(8423,34,2,1,1,1,1,193,1),(8424,34,2,1,0,1,1,194,1),(8425,34,2,1,1,1,1,195,1),(8426,34,2,1,1,1,1,196,1),(8427,34,2,1,1,1,1,197,1),(8428,34,2,1,1,1,1,198,1),(8429,34,2,1,1,1,1,199,1),(8430,34,2,1,1,1,1,200,1),(8431,34,2,1,1,0,1,201,1),(8432,34,2,1,1,1,1,202,1),(8433,34,2,1,1,0,1,203,1),(8434,34,2,1,1,1,1,204,1),(8435,34,2,1,1,1,1,205,1),(8436,34,2,1,1,1,1,206,1),(8437,34,2,1,0,1,1,207,1),(8438,34,2,1,1,1,1,208,1),(8439,34,2,1,1,1,1,209,1),(8440,34,2,1,0,1,1,210,1),(8441,34,2,1,1,0,1,211,1),(8442,34,2,1,1,1,1,212,1),(8443,34,2,1,1,1,1,213,1),(8444,34,2,1,1,1,1,214,1),(8445,34,2,1,1,1,1,215,1),(8446,34,2,1,1,0,1,216,1),(8447,34,2,1,1,0,1,217,1),(8448,34,2,1,1,1,1,218,1),(8449,34,2,1,1,0,1,219,1),(8450,34,2,1,1,1,1,220,1),(8451,34,2,1,1,1,1,221,1),(8452,34,2,1,0,1,1,222,1),(8453,34,2,1,0,1,1,223,1),(8454,34,2,1,1,1,1,224,1),(8455,34,2,1,1,1,1,225,1),(8456,34,2,1,1,1,1,226,1),(8457,34,2,1,1,1,1,227,1),(8458,34,2,1,1,1,1,228,1),(8459,34,2,1,1,1,1,229,1),(8460,34,2,1,0,1,1,230,1),(8461,34,2,1,1,1,1,231,1),(8462,34,2,1,1,1,1,232,1),(8463,34,2,1,1,0,1,233,1),(8464,34,2,1,1,1,1,234,1),(8465,34,2,1,1,0,1,235,1),(8466,34,3,1,0,1,1,236,1),(8467,34,3,1,1,1,1,237,1),(8468,34,3,1,1,1,1,238,1),(8469,34,3,1,1,1,1,239,1),(8470,34,3,1,1,0,1,240,1),(8471,34,3,1,1,1,1,241,1),(8472,34,3,1,1,1,1,242,1),(8473,34,3,1,1,0,1,243,1),(8474,34,3,1,1,0,1,244,1),(8475,34,3,1,1,1,1,245,1),(8476,34,3,1,1,1,1,246,1),(8477,34,3,1,0,1,1,247,1),(8478,34,3,1,1,1,1,248,1),(8479,34,3,1,1,1,1,249,1),(8480,34,3,1,0,1,1,250,1),(8481,34,3,1,0,0,1,251,1),(8482,34,3,1,0,1,1,252,1),(8483,34,3,1,0,0,1,253,1),(8484,34,3,1,1,1,1,254,1),(8485,34,3,1,1,0,1,255,1),(8486,34,3,1,1,1,1,256,1),(8487,34,3,1,1,1,1,257,1),(8488,34,3,1,1,1,1,258,1),(8489,34,3,1,1,1,1,259,1),(8490,34,3,1,1,0,1,260,1),(8491,34,3,1,1,1,1,261,1),(8492,34,3,1,1,1,1,262,1),(8493,34,3,1,1,1,1,263,1),(8494,34,3,1,1,1,1,264,1),(8495,34,3,1,1,1,1,265,1),(8496,34,3,1,1,0,1,266,1),(8497,34,3,1,1,1,1,267,1),(8498,34,3,1,1,0,1,268,1),(8499,34,3,1,1,1,1,269,1),(8500,35,1,1,1,1,1,100,1),(8501,35,1,1,1,0,1,101,1),(8502,35,1,1,1,1,1,102,1),(8503,35,1,1,1,1,1,103,1),(8504,35,1,1,1,1,1,104,1),(8505,35,1,1,1,1,1,105,1),(8506,35,1,1,0,1,1,106,1),(8507,35,1,1,1,1,1,107,1),(8508,35,1,1,1,1,1,108,1),(8509,35,1,1,1,1,1,109,1),(8510,35,1,1,0,1,1,110,1),(8511,35,1,1,1,1,1,111,1),(8512,35,1,1,0,0,1,112,1),(8513,35,1,1,1,1,1,113,1),(8514,35,1,1,1,1,1,114,1),(8515,35,1,1,0,1,1,115,1),(8516,35,1,1,1,1,1,116,1),(8517,35,1,1,1,1,1,117,1),(8518,35,1,1,1,1,1,118,1),(8519,35,1,1,1,1,1,119,1),(8520,35,1,1,1,1,1,120,1),(8521,35,1,1,1,1,1,121,1),(8522,35,1,1,0,1,1,122,1),(8523,35,1,1,1,1,1,123,1),(8524,35,1,1,1,1,1,124,1),(8525,35,1,1,0,0,1,125,1),(8526,35,1,1,1,1,1,126,1),(8527,35,1,1,1,1,1,127,1),(8528,35,1,1,1,1,1,128,1),(8529,35,1,1,1,1,1,129,1),(8530,35,1,1,1,1,1,130,1),(8531,35,1,1,1,1,1,131,1),(8532,35,1,1,1,1,1,132,1),(8533,35,1,1,1,1,1,133,1),(8534,35,1,1,1,0,1,134,1),(8535,35,1,1,0,1,1,135,1),(8536,35,1,1,0,1,1,136,1),(8537,35,1,1,1,1,1,137,1),(8538,35,1,1,1,1,1,138,1),(8539,35,1,1,1,1,1,139,1),(8540,35,1,1,1,0,1,140,1),(8541,35,1,1,1,1,1,141,1),(8542,35,1,1,1,1,1,142,1),(8543,35,1,1,1,1,1,143,1),(8544,35,1,1,1,1,1,144,1),(8545,35,1,1,1,1,1,145,1),(8546,35,1,1,1,1,1,146,1),(8547,35,1,1,1,1,1,147,1),(8548,35,1,1,1,1,1,148,1),(8549,35,1,1,1,1,1,149,1),(8550,35,1,1,0,1,1,150,1),(8551,35,1,1,1,1,1,151,1),(8552,35,1,1,0,1,1,152,1),(8553,35,1,1,1,1,1,153,1),(8554,35,1,1,1,1,1,154,1),(8555,35,1,1,1,1,1,155,1),(8556,35,1,1,1,1,1,156,1),(8557,35,2,1,1,0,1,157,1),(8558,35,2,1,1,1,1,158,1),(8559,35,2,1,1,0,1,159,1),(8560,35,2,1,0,1,1,160,1),(8561,35,2,1,1,1,1,161,1),(8562,35,2,1,1,1,1,162,1),(8563,35,2,1,1,1,1,163,1),(8564,35,2,1,1,1,1,164,1),(8565,35,2,1,1,1,1,165,1),(8566,35,2,1,1,1,1,166,1),(8567,35,2,1,0,0,1,167,1),(8568,35,2,1,1,1,1,168,1),(8569,35,2,1,0,1,1,169,1),(8570,35,2,1,1,0,1,170,1),(8571,35,2,1,1,1,1,171,1),(8572,35,2,1,1,0,1,172,1),(8573,35,2,1,1,1,1,173,1),(8574,35,2,1,1,1,1,174,1),(8575,35,2,1,1,1,1,175,1),(8576,35,2,1,1,1,1,176,1),(8577,35,2,1,1,1,1,177,1),(8578,35,2,1,1,1,1,178,1),(8579,35,2,1,1,1,1,179,1),(8580,35,2,1,1,1,1,180,1),(8581,35,2,1,1,1,1,181,1),(8582,35,2,1,1,1,1,182,1),(8583,35,2,1,1,1,1,183,1),(8584,35,2,1,1,1,1,184,1),(8585,35,2,1,1,0,1,185,1),(8586,35,2,1,0,1,1,186,1),(8587,35,2,1,1,1,1,187,1),(8588,35,2,1,1,1,1,188,1),(8589,35,2,1,0,1,1,189,1),(8590,35,2,1,0,0,1,190,1),(8591,35,2,1,1,1,1,191,1),(8592,35,2,1,1,1,1,192,1),(8593,35,2,1,1,1,1,193,1),(8594,35,2,1,1,1,1,194,1),(8595,35,2,1,0,1,1,195,1),(8596,35,2,1,0,1,1,196,1),(8597,35,2,1,1,0,1,197,1),(8598,35,2,1,0,1,1,198,1),(8599,35,2,1,0,0,1,199,1),(8600,35,2,1,0,1,1,200,1),(8601,35,2,1,0,1,1,201,1),(8602,35,2,1,1,1,1,202,1),(8603,35,2,1,1,1,1,203,1),(8604,35,2,1,1,1,1,204,1),(8605,35,2,1,1,1,1,205,1),(8606,35,2,1,1,1,1,206,1),(8607,35,2,1,1,1,1,207,1),(8608,35,2,1,1,1,1,208,1),(8609,35,2,1,1,1,1,209,1),(8610,35,2,1,1,0,1,210,1),(8611,35,2,1,1,0,1,211,1),(8612,35,2,1,1,1,1,212,1),(8613,35,2,1,1,1,1,213,1),(8614,35,2,1,1,1,1,214,1),(8615,35,2,1,0,1,1,215,1),(8616,35,2,1,1,1,1,216,1),(8617,35,2,1,1,1,1,217,1),(8618,35,2,1,1,1,1,218,1),(8619,35,2,1,1,0,1,219,1),(8620,35,2,1,1,1,1,220,1),(8621,35,2,1,1,1,1,221,1),(8622,35,2,1,0,0,1,222,1),(8623,35,2,1,1,0,1,223,1),(8624,35,2,1,0,1,1,224,1),(8625,35,2,1,1,1,1,225,1),(8626,35,2,1,1,1,1,226,1),(8627,35,2,1,1,1,1,227,1),(8628,35,2,1,1,1,1,228,1),(8629,35,2,1,1,0,1,229,1),(8630,35,2,1,1,1,1,230,1),(8631,35,2,1,1,1,1,231,1),(8632,35,2,1,1,1,1,232,1),(8633,35,2,1,0,1,1,233,1),(8634,35,2,1,1,1,1,234,1),(8635,35,2,1,1,0,1,235,1),(8636,35,2,1,0,1,1,236,1),(8637,35,2,1,1,1,1,237,1),(8638,35,2,1,1,1,1,238,1),(8639,35,2,1,1,0,1,239,1),(8640,35,2,1,1,1,1,240,1),(8641,35,2,1,1,1,1,241,1),(8642,35,2,1,1,1,1,242,1),(8643,35,2,1,1,1,1,243,1),(8644,35,2,1,1,1,1,244,1),(8645,35,2,1,1,1,1,245,1),(8646,35,2,1,1,1,1,246,1),(8647,35,2,1,1,1,1,247,1),(8648,35,2,1,1,1,1,248,1),(8649,35,2,1,1,0,1,249,1),(8650,35,2,1,0,0,1,250,1),(8651,35,2,1,1,1,1,251,1),(8652,35,3,1,1,0,1,252,1),(8653,35,3,1,0,0,1,253,1),(8654,35,3,1,0,1,1,254,1),(8655,35,3,1,0,1,1,255,1),(8656,35,3,1,1,0,1,256,1),(8657,35,3,1,1,1,1,257,1),(8658,35,3,1,1,1,1,258,1),(8659,35,3,1,1,1,1,259,1),(8660,35,3,1,0,1,1,260,1),(8661,35,3,1,1,1,1,261,1),(8662,35,3,1,1,1,1,262,1),(8663,35,3,1,1,0,1,263,1),(8664,35,3,1,1,1,1,264,1),(8665,35,3,1,1,1,1,265,1),(8666,35,3,1,1,1,1,266,1),(8667,35,3,1,1,1,1,267,1),(8668,35,3,1,1,1,1,268,1),(8669,35,3,1,1,1,1,269,1),(8670,35,3,1,1,1,1,270,1),(8671,35,3,1,1,1,1,271,1),(8672,35,3,1,0,1,1,272,1),(8673,35,3,1,0,0,1,273,1),(8674,35,3,1,1,1,1,274,1),(8675,35,3,1,0,1,1,275,1),(8676,35,3,1,1,1,1,276,1),(8677,35,3,1,1,1,1,277,1),(8678,35,3,1,1,1,1,278,1),(8679,35,3,1,0,1,1,279,1),(8680,35,3,1,1,0,1,280,1),(8681,35,3,1,1,1,1,281,1),(8682,35,3,1,1,1,1,282,1),(8683,35,3,1,1,1,1,283,1),(8684,35,3,1,1,1,1,284,1),(8685,35,3,1,1,1,1,285,1),(8686,35,3,1,1,1,1,286,1),(8687,35,3,1,1,0,1,287,1),(8688,35,3,1,1,1,1,288,1),(8689,35,3,1,1,1,1,289,1),(8690,36,1,1,1,0,1,100,1),(8691,36,1,1,1,1,1,101,1),(8692,36,1,1,1,1,1,102,1),(8693,36,1,1,1,1,1,103,1),(8694,36,1,1,1,1,1,104,1),(8695,36,1,1,1,1,1,105,1),(8696,36,1,1,1,1,1,106,1),(8697,36,1,1,0,0,1,107,1),(8698,36,1,1,1,1,1,108,1),(8699,36,1,1,1,0,1,109,1),(8700,36,1,1,1,1,1,110,1),(8701,36,1,1,0,1,1,111,1),(8702,36,1,1,1,1,1,112,1),(8703,36,1,1,1,1,1,113,1),(8704,36,1,1,1,0,1,114,1),(8705,36,1,1,1,1,1,115,1),(8706,36,1,1,1,1,1,116,1),(8707,36,1,1,1,1,1,117,1),(8708,36,1,1,1,1,1,118,1),(8709,36,1,1,1,1,1,119,1),(8710,36,1,1,1,1,1,120,1),(8711,36,1,1,1,1,1,121,1),(8712,36,1,1,1,1,1,122,1),(8713,36,1,1,1,1,1,123,1),(8714,36,1,1,0,1,1,124,1),(8715,36,1,1,1,1,1,125,1),(8716,36,1,1,1,1,1,126,1),(8717,36,1,1,1,1,1,127,1),(8718,36,1,1,1,1,1,128,1),(8719,36,1,1,0,1,1,129,1),(8720,36,1,1,1,0,1,130,1),(8721,36,1,1,1,1,1,131,1),(8722,36,1,1,1,0,1,132,1),(8723,36,1,1,1,1,1,133,1),(8724,36,1,1,1,1,1,134,1),(8725,36,1,1,0,1,1,135,1),(8726,36,1,1,1,1,1,136,1),(8727,36,1,1,1,0,1,137,1),(8728,36,1,1,1,1,1,138,1),(8729,36,1,1,1,1,1,139,1),(8730,36,1,1,1,1,1,140,1),(8731,36,1,1,1,1,1,141,1),(8732,36,1,1,1,0,1,142,1),(8733,36,1,1,1,1,1,143,1),(8734,36,1,1,1,1,1,144,1),(8735,36,1,1,1,1,1,145,1),(8736,36,1,1,0,1,1,146,1),(8737,36,1,1,1,1,1,147,1),(8738,36,2,1,0,1,1,148,1),(8739,36,2,1,0,1,1,149,1),(8740,36,2,1,1,0,1,150,1),(8741,36,2,1,1,1,1,151,1),(8742,36,2,1,1,1,1,152,1),(8743,36,2,1,0,1,1,153,1),(8744,36,2,1,1,1,1,154,1),(8745,36,2,1,0,1,1,155,1),(8746,36,2,1,0,1,1,156,1),(8747,36,2,1,0,1,1,157,1),(8748,36,2,1,0,1,1,158,1),(8749,36,2,1,1,1,1,159,1),(8750,36,2,1,1,1,1,160,1),(8751,36,2,1,0,1,1,161,1),(8752,36,2,1,1,1,1,162,1),(8753,36,2,1,1,1,1,163,1),(8754,36,2,1,1,1,1,164,1),(8755,36,2,1,0,1,1,165,1),(8756,36,2,1,1,1,1,166,1),(8757,36,2,1,1,1,1,167,1),(8758,36,2,1,0,1,1,168,1),(8759,36,2,1,1,1,1,169,1),(8760,36,2,1,1,0,1,170,1),(8761,36,2,1,0,1,1,171,1),(8762,36,2,1,0,0,1,172,1),(8763,36,2,1,1,1,1,173,1),(8764,36,2,1,1,1,1,174,1),(8765,36,2,1,1,1,1,175,1),(8766,36,2,1,1,1,1,176,1),(8767,36,2,1,1,1,1,177,1),(8768,36,2,1,1,1,1,178,1),(8769,36,2,1,1,1,1,179,1),(8770,36,2,1,1,1,1,180,1),(8771,36,2,1,1,1,1,181,1),(8772,36,2,1,0,0,1,182,1),(8773,36,2,1,1,0,1,183,1),(8774,36,2,1,1,1,1,184,1),(8775,36,2,1,1,1,1,185,1),(8776,36,2,1,0,1,1,186,1),(8777,36,2,1,1,1,1,187,1),(8778,36,2,1,1,1,1,188,1),(8779,36,2,1,1,1,1,189,1),(8780,36,2,1,1,0,1,190,1),(8781,36,2,1,1,1,1,191,1),(8782,36,2,1,0,1,1,192,1),(8783,36,2,1,1,1,1,193,1),(8784,36,2,1,1,1,1,194,1),(8785,36,2,1,1,0,1,195,1),(8786,36,2,1,0,0,1,196,1),(8787,36,2,1,1,1,1,197,1),(8788,36,2,1,1,1,1,198,1),(8789,36,2,1,1,1,1,199,1),(8790,36,2,1,1,1,1,200,1),(8791,36,2,1,1,1,1,201,1),(8792,36,2,1,0,0,1,202,1),(8793,36,2,1,1,0,1,203,1),(8794,36,2,1,1,0,1,204,1),(8795,36,2,1,1,1,1,205,1),(8796,36,2,1,0,0,1,206,1),(8797,36,2,1,0,1,1,207,1),(8798,36,2,1,1,1,1,208,1),(8799,36,2,1,1,1,1,209,1),(8800,36,2,1,1,1,1,210,1),(8801,36,2,1,1,1,1,211,1),(8802,36,2,1,1,1,1,212,1),(8803,36,2,1,0,1,1,213,1),(8804,36,2,1,1,0,1,214,1),(8805,36,2,1,1,1,1,215,1),(8806,36,2,1,1,1,1,216,1),(8807,36,2,1,1,1,1,217,1),(8808,36,2,1,0,1,1,218,1),(8809,36,2,1,1,1,1,219,1),(8810,36,2,1,1,0,1,220,1),(8811,36,2,1,0,1,1,221,1),(8812,36,2,1,1,0,1,222,1),(8813,36,2,1,1,0,1,223,1),(8814,36,2,1,1,1,1,224,1),(8815,36,2,1,1,1,1,225,1),(8816,36,2,1,1,1,1,226,1),(8817,36,2,1,1,0,1,227,1),(8818,36,3,1,0,1,1,228,1),(8819,36,3,1,0,1,1,229,1),(8820,36,3,1,1,1,1,230,1),(8821,36,3,1,1,1,1,231,1),(8822,36,3,1,1,0,1,232,1),(8823,36,3,1,1,1,1,233,1),(8824,36,3,1,1,1,1,234,1),(8825,36,3,1,1,1,1,235,1),(8826,36,3,1,1,0,1,236,1),(8827,36,3,1,1,1,1,237,1),(8828,36,3,1,1,1,1,238,1),(8829,36,3,1,1,1,1,239,1),(8830,36,3,1,0,1,1,240,1),(8831,36,3,1,1,1,1,241,1),(8832,36,3,1,1,1,1,242,1),(8833,36,3,1,1,1,1,243,1),(8834,36,3,1,1,1,1,244,1),(8835,36,3,1,0,1,1,245,1),(8836,36,3,1,0,1,1,246,1),(8837,36,3,1,1,1,1,247,1),(8838,36,3,1,1,1,1,248,1),(8839,36,3,1,1,1,1,249,1),(8840,36,3,1,1,1,1,250,1),(8841,36,3,1,1,1,1,251,1),(8842,36,3,1,1,1,1,252,1),(8843,36,3,1,1,1,1,253,1),(8844,36,3,1,0,1,1,254,1),(8845,36,3,1,1,1,1,255,1),(8846,36,3,1,1,1,1,256,1),(8847,36,3,1,1,0,1,257,1),(8848,36,3,1,1,1,1,258,1),(8849,36,3,1,1,1,1,259,1),(8850,37,1,1,1,1,1,100,1),(8851,37,1,1,1,1,1,101,1),(8852,37,1,1,0,1,1,102,1),(8853,37,1,1,1,0,1,103,1),(8854,37,1,1,1,1,1,104,1),(8855,37,1,1,1,1,1,105,1),(8856,37,1,1,1,1,1,106,1),(8857,37,1,1,1,1,1,107,1),(8858,37,1,1,1,1,1,108,1),(8859,37,1,1,0,1,1,109,1),(8860,37,1,1,1,1,1,110,1),(8861,37,1,1,0,0,1,111,1),(8862,37,1,1,0,1,1,112,1),(8863,37,1,1,1,1,1,113,1),(8864,37,1,1,1,1,1,114,1),(8865,37,1,1,1,1,1,115,1),(8866,37,1,1,1,0,1,116,1),(8867,37,1,1,0,1,1,117,1),(8868,37,1,1,1,0,1,118,1),(8869,37,1,1,1,1,1,119,1),(8870,37,1,1,1,0,1,120,1),(8871,37,1,1,0,1,1,121,1),(8872,37,1,1,1,1,1,122,1),(8873,37,1,1,1,1,1,123,1),(8874,37,1,1,1,1,1,124,1),(8875,37,1,1,1,1,1,125,1),(8876,37,1,1,1,1,1,126,1),(8877,37,1,1,1,1,1,127,1),(8878,37,1,1,1,1,1,128,1),(8879,37,1,1,1,1,1,129,1),(8880,37,1,1,1,1,1,130,1),(8881,37,1,1,1,1,1,131,1),(8882,37,1,1,1,1,1,132,1),(8883,37,1,1,1,1,1,133,1),(8884,37,1,1,1,1,1,134,1),(8885,37,1,1,1,0,1,135,1),(8886,37,1,1,0,1,1,136,1),(8887,37,1,1,1,1,1,137,1),(8888,37,1,1,1,1,1,138,1),(8889,37,1,1,1,1,1,139,1),(8890,37,1,1,1,1,1,140,1),(8891,37,1,1,1,1,1,141,1),(8892,37,1,1,1,1,1,142,1),(8893,37,1,1,1,1,1,143,1),(8894,37,1,1,1,1,1,144,1),(8895,37,1,1,1,1,1,145,1),(8896,37,1,1,0,1,1,146,1),(8897,37,1,1,1,1,1,147,1),(8898,37,1,1,1,1,1,148,1),(8899,37,1,1,0,1,1,149,1),(8900,37,1,1,0,1,1,150,1),(8901,37,1,1,1,1,1,151,1),(8902,37,1,1,1,1,1,152,1),(8903,37,1,1,1,1,1,153,1),(8904,37,2,1,1,1,1,154,1),(8905,37,2,1,1,1,1,155,1),(8906,37,2,1,0,1,1,156,1),(8907,37,2,1,1,1,1,157,1),(8908,37,2,1,1,1,1,158,1),(8909,37,2,1,0,1,1,159,1),(8910,37,2,1,1,0,1,160,1),(8911,37,2,1,0,1,1,161,1),(8912,37,2,1,0,1,1,162,1),(8913,37,2,1,0,1,1,163,1),(8914,37,2,1,0,1,1,164,1),(8915,37,2,1,0,1,1,165,1),(8916,37,2,1,1,0,1,166,1),(8917,37,2,1,1,1,1,167,1),(8918,37,2,1,0,1,1,168,1),(8919,37,2,1,1,0,1,169,1),(8920,37,2,1,1,1,1,170,1),(8921,37,2,1,0,1,1,171,1),(8922,37,2,1,1,1,1,172,1),(8923,37,2,1,1,1,1,173,1),(8924,37,2,1,1,0,1,174,1),(8925,37,2,1,0,1,1,175,1),(8926,37,2,1,1,1,1,176,1),(8927,37,2,1,0,1,1,177,1),(8928,37,2,1,0,0,1,178,1),(8929,37,2,1,1,1,1,179,1),(8930,37,2,1,1,1,1,180,1),(8931,37,2,1,0,1,1,181,1),(8932,37,2,1,1,0,1,182,1),(8933,37,2,1,1,0,1,183,1),(8934,37,2,1,0,1,1,184,1),(8935,37,2,1,1,1,1,185,1),(8936,37,2,1,1,1,1,186,1),(8937,37,2,1,1,1,1,187,1),(8938,37,2,1,1,1,1,188,1),(8939,37,2,1,0,1,1,189,1),(8940,37,2,1,1,1,1,190,1),(8941,37,2,1,1,1,1,191,1),(8942,37,2,1,1,1,1,192,1),(8943,37,2,1,1,0,1,193,1),(8944,37,2,1,1,0,1,194,1),(8945,37,2,1,0,1,1,195,1),(8946,37,2,1,1,0,1,196,1),(8947,37,2,1,1,1,1,197,1),(8948,37,2,1,1,1,1,198,1),(8949,37,2,1,1,1,1,199,1),(8950,37,2,1,1,1,1,200,1),(8951,37,2,1,1,1,1,201,1),(8952,37,2,1,1,1,1,202,1),(8953,37,2,1,1,1,1,203,1),(8954,37,2,1,1,1,1,204,1),(8955,37,2,1,0,0,1,205,1),(8956,37,2,1,1,0,1,206,1),(8957,37,2,1,1,1,1,207,1),(8958,37,2,1,1,1,1,208,1),(8959,37,2,1,1,1,1,209,1),(8960,37,2,1,1,1,1,210,1),(8961,37,2,1,0,1,1,211,1),(8962,37,2,1,1,1,1,212,1),(8963,37,2,1,1,1,1,213,1),(8964,37,2,1,1,0,1,214,1),(8965,37,2,1,1,1,1,215,1),(8966,37,2,1,1,1,1,216,1),(8967,37,2,1,1,0,1,217,1),(8968,37,2,1,1,1,1,218,1),(8969,37,2,1,1,1,1,219,1),(8970,37,2,1,1,1,1,220,1),(8971,37,2,1,1,1,1,221,1),(8972,37,2,1,1,1,1,222,1),(8973,37,2,1,1,1,1,223,1),(8974,37,2,1,1,0,1,224,1),(8975,37,2,1,1,1,1,225,1),(8976,37,2,1,0,1,1,226,1),(8977,37,2,1,1,1,1,227,1),(8978,37,2,1,1,1,1,228,1),(8979,37,2,1,1,1,1,229,1),(8980,37,2,1,1,1,1,230,1),(8981,37,2,1,1,0,1,231,1),(8982,37,2,1,1,1,1,232,1),(8983,37,2,1,1,1,1,233,1),(8984,37,2,1,0,1,1,234,1),(8985,37,2,1,1,1,1,235,1),(8986,37,2,1,1,1,1,236,1),(8987,37,2,1,1,1,1,237,1),(8988,37,2,1,1,1,1,238,1),(8989,37,2,1,1,1,1,239,1),(8990,37,2,1,0,0,1,240,1),(8991,37,2,1,0,1,1,241,1),(8992,37,2,1,1,1,1,242,1),(8993,37,2,1,0,1,1,243,1),(8994,37,3,1,1,1,1,244,1),(8995,37,3,1,1,1,1,245,1),(8996,37,3,1,0,1,1,246,1),(8997,37,3,1,1,0,1,247,1),(8998,37,3,1,1,1,1,248,1),(8999,37,3,1,1,1,1,249,1),(9000,37,3,1,1,1,1,250,1),(9001,37,3,1,1,1,1,251,1),(9002,37,3,1,1,0,1,252,1),(9003,37,3,1,1,1,1,253,1),(9004,37,3,1,1,0,1,254,1),(9005,37,3,1,1,0,1,255,1),(9006,37,3,1,1,1,1,256,1),(9007,37,3,1,1,0,1,257,1),(9008,37,3,1,0,1,1,258,1),(9009,37,3,1,1,1,1,259,1),(9010,37,3,1,1,1,1,260,1),(9011,37,3,1,1,1,1,261,1),(9012,37,3,1,0,1,1,262,1),(9013,37,3,1,1,0,1,263,1),(9014,37,3,1,1,1,1,264,1),(9015,37,3,1,1,1,1,265,1),(9016,37,3,1,1,1,1,266,1),(9017,37,3,1,1,1,1,267,1),(9018,37,3,1,1,1,1,268,1),(9019,37,3,1,1,0,1,269,1),(9020,37,3,1,1,0,1,270,1),(9021,37,3,1,1,0,1,271,1),(9022,37,3,1,0,1,1,272,1),(9023,37,3,1,1,1,1,273,1),(9024,37,3,1,1,1,1,274,1),(9025,37,3,1,0,1,1,275,1),(9026,37,3,1,1,1,1,276,1),(9027,37,3,1,0,1,1,277,1),(9028,37,3,1,1,0,1,278,1),(9029,37,3,1,1,1,1,279,1);
/*!40000 ALTER TABLE `Room` ENABLE KEYS */;
UNLOCK TABLES;

--
-- Table structure for table `RoomType`
--

DROP TABLE IF EXISTS `RoomType`;
/*!40101 SET @saved_cs_client     = @@character_set_client */;
/*!50503 SET character_set_client = utf8mb4 */;
CREATE TABLE `RoomType` (
  `RoomTypeID` int NOT NULL AUTO_INCREMENT,
  `TypeName` varchar(255) NOT NULL,
  `MaxGuests` int NOT NULL,
  PRIMARY KEY (`RoomTypeID`)
) ENGINE=InnoDB AUTO_INCREMENT=8 DEFAULT CHARSET=utf8mb4 COLLATE=utf8mb4_0900_ai_ci;
/*!40101 SET character_set_client = @saved_cs_client */;

--
-- Dumping data for table `RoomType`
--

LOCK TABLES `RoomType` WRITE;
/*!40000 ALTER TABLE `RoomType` DISABLE KEYS */;
INSERT INTO `RoomType` VALUES (1,'Standard',1),(2,'Double',2),(3,'Family',4);
/*!40000 ALTER TABLE `RoomType` ENABLE KEYS */;
UNLOCK TABLES;

--
-- Table structure for table `User`
--

DROP TABLE IF EXISTS `User`;
/*!40101 SET @saved_cs_client     = @@character_set_client */;
/*!50503 SET character_set_client = utf8mb4 */;
CREATE TABLE `User` (
  `UserID` int NOT NULL AUTO_INCREMENT,
  `Username` varchar(255) NOT NULL,
  `Email` varchar(255) NOT NULL,
  `HashedPassword` varchar(255) NOT NULL,
  `Role` varchar(45) NOT NULL,
  `FirstName` varchar(45) NOT NULL,
  `LastName` varchar(45) NOT NULL,
  PRIMARY KEY (`UserID`)
) ENGINE=InnoDB AUTO_INCREMENT=12 DEFAULT CHARSET=utf8mb4 COLLATE=utf8mb4_0900_ai_ci;
/*!40101 SET character_set_client = @saved_cs_client */;

--
-- Dumping data for table `User`
--

LOCK TABLES `User` WRITE;
/*!40000 ALTER TABLE `User` DISABLE KEYS */;
INSERT INTO `User` VALUES (4,'john','john@gmail.com','scrypt:32768:8:1$UNsBCm5jgseScycQ$9916fce874ff8f027349ab0b1199ddf44a61827712b5a54aea32f69cad8ba36e00317e306a1729e4f184c2d088769767dd4f31772399128376240c463d1d1d35','admin','John','Martin'),(5,'test123','test@gmail.com','scrypt:32768:8:1$IgkZ6hQftACTuSXd$14982afe00369464272c386e5c05141f2f7a7e3ff3763b70bad5b9029a1bbdabedfa0f120a50c4ac6261b078ab5718fc37b63f5bfb70f15cf590b1f3b18c7c6c','admin','test','test'),(6,'lukehart123','dummy@gmail.com','scrypt:32768:8:1$mYWQ6CGf1qwTEucV$b3e32c1e5eab0029de6ea5ea314e0f4aaf07cf248edd86f6204c6b35f15a26a55f2c45ff5bfdc7639f8f855c8ea6b0f1636f9596738f222219ef7169a683dc33','user','Luke','Hart'),(7,'testAdmin','admin@gmail.com','scrypt:32768:8:1$gqzppykyJQsVY91s$47fd3d504de50ce085267d28cf4c797cc6c7efbc62f4a4621d86d014a08e4693e6c22a905a0dd0ef285dcd17f47c3163a3700cba2d96a6c6048bba1e8a37c8ef','admin','test','admin'),(8,'testUser','user@gmail.com','scrypt:32768:8:1$Q1tmrztuexfCjaAi$683229fcebb9fe82eed86201503e7de6e9412746bb5b34a819ec7b5f12ee1bdb75d2aec793af6b05ef72c32448b7d6d6703b99c7fec2858720b53ead124441db','user','test','user');
/*!40000 ALTER TABLE `User` ENABLE KEYS */;
UNLOCK TABLES;
/*!40103 SET TIME_ZONE=@OLD_TIME_ZONE */;

/*!40101 SET SQL_MODE=@OLD_SQL_MODE */;
/*!40014 SET FOREIGN_KEY_CHECKS=@OLD_FOREIGN_KEY_CHECKS */;
/*!40014 SET UNIQUE_CHECKS=@OLD_UNIQUE_CHECKS */;
/*!40101 SET CHARACTER_SET_CLIENT=@OLD_CHARACTER_SET_CLIENT */;
/*!40101 SET CHARACTER_SET_RESULTS=@OLD_CHARACTER_SET_RESULTS */;
/*!40101 SET COLLATION_CONNECTION=@OLD_COLLATION_CONNECTION */;
/*!40111 SET SQL_NOTES=@OLD_SQL_NOTES */;

-- Dump completed on 2025-08-02 18:26:02